time,final consumption december,final consumption june,final consumption march,final consumption september
2016-03-14 00:15:00,,,3.819,
2016-03-14 00:30:00,,,3.766625,
2016-03-14 00:45:00,,,3.71425,
2016-03-14 01:00:00,,,3.6618749999999998,
2016-03-14 01:15:00,,,3.6094999999999997,
2016-03-14 01:30:00,,,3.621,
2016-03-14 01:45:00,,,3.6325000000000003,
2016-03-14 02:00:00,,,3.644,
2016-03-14 02:15:00,,,3.6555000000000004,
2016-03-14 02:30:00,,,3.6491875,
2016-03-14 02:45:00,,,3.642875,
2016-03-14 03:00:00,,,3.6365625,
2016-03-14 03:15:00,,,3.6302499999999998,
2016-03-14 03:30:00,,,3.7002499999999996,
2016-03-14 03:45:00,,,3.77025,
2016-03-14 04:00:00,,,3.84025,
2016-03-14 04:15:00,,,3.91025,
2016-03-14 04:30:00,,,3.9198125,
2016-03-14 04:45:00,,,3.9293750000000003,
2016-03-14 05:00:00,,,3.9389375,
2016-03-14 05:15:00,,,3.9485,
2016-03-14 05:30:00,,,5.1865,
2016-03-14 05:45:00,,,6.4245,
2016-03-14 06:00:00,,,7.6625,
2016-03-14 06:15:00,,,8.9005,
2016-03-14 06:30:00,,,11.241875,
2016-03-14 06:45:00,,,13.58325,
2016-03-14 07:00:00,,,15.924625,
2016-03-14 07:15:00,,,18.266000000000002,
2016-03-14 07:30:00,,,18.74475,
2016-03-14 07:45:00,,,19.2235,
2016-03-14 08:00:00,,,19.70225,
2016-03-14 08:15:00,,,20.180999999999997,
2016-03-14 08:30:00,,,22.782249999999998,
2016-03-14 08:45:00,,,25.383499999999998,
2016-03-14 09:00:00,,,27.98475,
2016-03-14 09:15:00,,,30.586,
2016-03-14 09:30:00,,,32.2823125,
2016-03-14 09:45:00,,,33.978625,
2016-03-14 10:00:00,,,35.6749375,
2016-03-14 10:15:00,,,37.37125,
2016-03-14 10:30:00,,,37.46,
2016-03-14 10:45:00,,,37.54875,
2016-03-14 11:00:00,,,37.6375,
2016-03-14 11:15:00,,,37.72625,
2016-03-14 11:30:00,,,37.13075,
2016-03-14 11:45:00,,,36.535250000000005,
2016-03-14 12:00:00,,,35.939750000000004,
2016-03-14 12:15:00,,,35.34425,
2016-03-14 12:30:00,,,35.808625,
2016-03-14 12:45:00,,,36.272999999999996,
2016-03-14 13:00:00,,,36.737375,
2016-03-14 13:15:00,,,37.20175,
2016-03-14 13:30:00,,,36.714124999999996,
2016-03-14 13:45:00,,,36.2265,
2016-03-14 14:00:00,,,35.738875,
2016-03-14 14:15:00,,,35.25125,
2016-03-14 14:30:00,,,34.30075,
2016-03-14 14:45:00,,,33.35025,
2016-03-14 15:00:00,,,32.39975,
2016-03-14 15:15:00,,,31.44925,
2016-03-14 15:30:00,,,32.06525,
2016-03-14 15:45:00,,,32.68125,
2016-03-14 16:00:00,,,33.29725,
2016-03-14 16:15:00,,,33.91325,
2016-03-14 16:30:00,,,34.016999999999996,
2016-03-14 16:45:00,,,34.12075,
2016-03-14 17:00:00,,,34.2245,
2016-03-14 17:15:00,,,34.32825,
2016-03-14 17:30:00,,,33.4105625,
2016-03-14 17:45:00,,,32.492875,
2016-03-14 18:00:00,,,31.5751875,
2016-03-14 18:15:00,,,30.6575,
2016-03-14 18:30:00,,,30.23575,
2016-03-14 18:45:00,,,29.814,
2016-03-14 19:00:00,,,29.39225,
2016-03-14 19:15:00,,,28.9705,
2016-03-14 19:30:00,,,26.8498125,
2016-03-14 19:45:00,,,24.729125,
2016-03-14 20:00:00,,,22.6084375,
2016-03-14 20:15:00,,,20.48775,
2016-03-14 20:30:00,,,19.987187499999997,
2016-03-14 20:45:00,,,19.486624999999997,
2016-03-14 21:00:00,,,18.9860625,
2016-03-14 21:15:00,,,18.4855,
2016-03-14 21:30:00,,,16.34525,
2016-03-14 21:45:00,,,14.204999999999998,
2016-03-14 22:00:00,,,12.064749999999998,
2016-03-14 22:15:00,,,9.924499999999998,
2016-03-14 22:30:00,,,8.764874999999998,
2016-03-14 22:45:00,,,7.605249999999999,
2016-03-14 23:00:00,,,6.445625,
2016-03-14 23:15:00,,,5.286,
2016-03-14 23:30:00,,,5.247999999999999,
2016-03-14 23:45:00,,,5.21,
2016-03-15 00:00:00,,,5.172000000000001,
2016-03-15 00:15:00,,,5.134,
2016-03-15 00:30:00,,,4.904375,
2016-03-15 00:45:00,,,4.67475,
2016-03-15 01:00:00,,,4.445125000000001,
2016-03-15 01:15:00,,,4.2155000000000005,
2016-03-15 01:30:00,,,4.303000000000001,
2016-03-15 01:45:00,,,4.3905,
2016-03-15 02:00:00,,,4.478,
2016-03-15 02:15:00,,,4.5655,
2016-03-15 02:30:00,,,4.57375,
2016-03-15 02:45:00,,,4.582,
2016-03-15 03:00:00,,,4.590249999999999,
2016-03-15 03:15:00,,,4.5985,
2016-03-15 03:30:00,,,4.562749999999999,
2016-03-15 03:45:00,,,4.526999999999999,
2016-03-15 04:00:00,,,4.49125,
2016-03-15 04:15:00,,,4.4555,
2016-03-15 04:30:00,,,4.469875,
2016-03-15 04:45:00,,,4.484249999999999,
2016-03-15 05:00:00,,,4.498625,
2016-03-15 05:15:00,,,4.513,
2016-03-15 05:30:00,,,5.37425,
2016-03-15 05:45:00,,,6.2355,
2016-03-15 06:00:00,,,7.09675,
2016-03-15 06:15:00,,,7.958,
2016-03-15 06:30:00,,,9.97875,
2016-03-15 06:45:00,,,11.999500000000001,
2016-03-15 07:00:00,,,14.02025,
2016-03-15 07:15:00,,,16.041,
2016-03-15 07:30:00,,,16.5690625,
2016-03-15 07:45:00,,,17.097125,
2016-03-15 08:00:00,,,17.6251875,
2016-03-15 08:15:00,,,18.15325,
2016-03-15 08:30:00,,,21.6190625,
2016-03-15 08:45:00,,,25.084875,
2016-03-15 09:00:00,,,28.550687500000002,
2016-03-15 09:15:00,,,32.0165,
2016-03-15 09:30:00,,,34.018375,
2016-03-15 09:45:00,,,36.02025,
2016-03-15 10:00:00,,,38.022124999999996,
2016-03-15 10:15:00,,,40.023999999999994,
2016-03-15 10:30:00,,,40.63699999999999,
2016-03-15 10:45:00,,,41.25,
2016-03-15 11:00:00,,,41.863,
2016-03-15 11:15:00,,,42.476,
2016-03-15 11:30:00,,,41.400125,
2016-03-15 11:45:00,,,40.32425,
2016-03-15 12:00:00,,,39.248374999999996,
2016-03-15 12:15:00,,,38.1725,
2016-03-15 12:30:00,,,38.48425,
2016-03-15 12:45:00,,,38.796,
2016-03-15 13:00:00,,,39.107749999999996,
2016-03-15 13:15:00,,,39.4195,
2016-03-15 13:30:00,,,39.301,
2016-03-15 13:45:00,,,39.1825,
2016-03-15 14:00:00,,,39.06399999999999,
2016-03-15 14:15:00,,,38.945499999999996,
2016-03-15 14:30:00,,,37.212125,
2016-03-15 14:45:00,,,35.47875,
2016-03-15 15:00:00,,,33.745374999999996,
2016-03-15 15:15:00,,,32.012,
2016-03-15 15:30:00,,,32.5990625,
2016-03-15 15:45:00,,,33.186125,
2016-03-15 16:00:00,,,33.77318749999999,
2016-03-15 16:15:00,,,34.36024999999999,
2016-03-15 16:30:00,,,33.995875,
2016-03-15 16:45:00,,,33.631499999999996,
2016-03-15 17:00:00,,,33.26712499999999,
2016-03-15 17:15:00,,,32.90275,
2016-03-15 17:30:00,,,31.762187499999996,
2016-03-15 17:45:00,,,30.621624999999998,
2016-03-15 18:00:00,,,29.4810625,
2016-03-15 18:15:00,,,28.3405,
2016-03-15 18:30:00,,,27.43825,
2016-03-15 18:45:00,,,26.536,
2016-03-15 19:00:00,,,25.63375,
2016-03-15 19:15:00,,,24.7315,
2016-03-15 19:30:00,,,24.592625,
2016-03-15 19:45:00,,,24.45375,
2016-03-15 20:00:00,,,24.314875,
2016-03-15 20:15:00,,,24.176000000000002,
2016-03-15 20:30:00,,,23.64125,
2016-03-15 20:45:00,,,23.106499999999997,
2016-03-15 21:00:00,,,22.571749999999998,
2016-03-15 21:15:00,,,22.036999999999995,
2016-03-15 21:30:00,,,19.782562499999997,
2016-03-15 21:45:00,,,17.528124999999996,
2016-03-15 22:00:00,,,15.273687499999998,
2016-03-15 22:15:00,,,13.01925,
2016-03-15 22:30:00,,,11.0801875,
2016-03-15 22:45:00,,,9.141124999999999,
2016-03-15 23:00:00,,,7.2020625,
2016-03-15 23:15:00,,,5.263,
2016-03-15 23:30:00,,,6.446125,
2016-03-15 23:45:00,,,7.62925,
2016-03-16 00:00:00,,,8.812375,
2016-03-16 00:15:00,,,9.9955,
2016-03-16 00:30:00,,,8.795625,
2016-03-16 00:45:00,,,7.59575,
2016-03-16 01:00:00,,,6.395875,
2016-03-16 01:15:00,,,5.196,
2016-03-16 01:30:00,,,5.0170625,
2016-03-16 01:45:00,,,4.838125,
2016-03-16 02:00:00,,,4.6591875,
2016-03-16 02:15:00,,,4.48025,
2016-03-16 02:30:00,,,4.5178125,
2016-03-16 02:45:00,,,4.555375,
2016-03-16 03:00:00,,,4.592937500000001,
2016-03-16 03:15:00,,,4.6305000000000005,
2016-03-16 03:30:00,,,4.603625,
2016-03-16 03:45:00,,,4.5767500000000005,
2016-03-16 04:00:00,,,4.549875,
2016-03-16 04:15:00,,,4.523,
2016-03-16 04:30:00,,,4.501875,
2016-03-16 04:45:00,,,4.4807500000000005,
2016-03-16 05:00:00,,,4.459625,
2016-03-16 05:15:00,,,4.4385,
2016-03-16 05:30:00,,,4.431312500000001,
2016-03-16 05:45:00,,,4.424125,
2016-03-16 06:00:00,,,4.4169374999999995,
2016-03-16 06:15:00,,,4.40975,
2016-03-16 06:30:00,,,4.9954374999999995,
2016-03-16 06:45:00,,,5.581125,
2016-03-16 07:00:00,,,6.166812500000001,
2016-03-16 07:15:00,,,6.7525,
2016-03-16 07:30:00,,,9.5040625,
2016-03-16 07:45:00,,,12.255624999999998,
2016-03-16 08:00:00,,,15.0071875,
2016-03-16 08:15:00,,,17.75875,
2016-03-16 08:30:00,,,18.072625,
2016-03-16 08:45:00,,,18.386499999999998,
2016-03-16 09:00:00,,,18.700374999999998,
2016-03-16 09:15:00,,,19.014249999999997,
2016-03-16 09:30:00,,,21.039375,
2016-03-16 09:45:00,,,23.064500000000002,
2016-03-16 10:00:00,,,25.089625,
2016-03-16 10:15:00,,,27.114750000000004,
2016-03-16 10:30:00,,,28.301562500000003,
2016-03-16 10:45:00,,,29.488375000000005,
2016-03-16 11:00:00,,,30.675187500000003,
2016-03-16 11:15:00,,,31.862000000000002,
2016-03-16 11:30:00,,,32.267250000000004,
2016-03-16 11:45:00,,,32.6725,
2016-03-16 12:00:00,,,33.077749999999995,
2016-03-16 12:15:00,,,33.483,
2016-03-16 12:30:00,,,33.20375,
2016-03-16 12:45:00,,,32.924499999999995,
2016-03-16 13:00:00,,,32.64525,
2016-03-16 13:15:00,,,32.366,
2016-03-16 13:30:00,,,32.664125,
2016-03-16 13:45:00,,,32.96225,
2016-03-16 14:00:00,,,33.260375,
2016-03-16 14:15:00,,,33.5585,
2016-03-16 14:30:00,,,33.79975,
2016-03-16 14:45:00,,,34.041,
2016-03-16 15:00:00,,,34.28225,
2016-03-16 15:15:00,,,34.5235,
2016-03-16 15:30:00,,,34.00075,
2016-03-16 15:45:00,,,33.477999999999994,
2016-03-16 16:00:00,,,32.95525,
2016-03-16 16:15:00,,,32.4325,
2016-03-16 16:30:00,,,32.896375,
2016-03-16 16:45:00,,,33.36024999999999,
2016-03-16 17:00:00,,,33.824124999999995,
2016-03-16 17:15:00,,,34.288,
2016-03-16 17:30:00,,,33.51725,
2016-03-16 17:45:00,,,32.7465,
2016-03-16 18:00:00,,,31.97575,
2016-03-16 18:15:00,,,31.205000000000002,
2016-03-16 18:30:00,,,30.397250000000003,
2016-03-16 18:45:00,,,29.5895,
2016-03-16 19:00:00,,,28.781750000000002,
2016-03-16 19:15:00,,,27.974000000000004,
2016-03-16 19:30:00,,,27.086750000000002,
2016-03-16 19:45:00,,,26.1995,
2016-03-16 20:00:00,,,25.312250000000002,
2016-03-16 20:15:00,,,24.425,
2016-03-16 20:30:00,,,24.183625000000003,
2016-03-16 20:45:00,,,23.94225,
2016-03-16 21:00:00,,,23.700875000000003,
2016-03-16 21:15:00,,,23.459500000000006,
2016-03-16 21:30:00,,,23.715375000000005,
2016-03-16 21:45:00,,,23.971250000000005,
2016-03-16 22:00:00,,,24.227125,
2016-03-16 22:15:00,,,24.483,
2016-03-16 22:30:00,,,22.429625,
2016-03-16 22:45:00,,,20.37625,
2016-03-16 23:00:00,,,18.322875,
2016-03-16 23:15:00,,,16.2695,
2016-03-16 23:30:00,,,14.322812500000001,
2016-03-16 23:45:00,,,12.376125,
2016-03-17 00:00:00,,,10.429437499999999,
2016-03-17 00:15:00,,,8.48275,
2016-03-17 00:30:00,,,8.365124999999999,
2016-03-17 00:45:00,,,8.247499999999999,
2016-03-17 01:00:00,,,8.129875,
2016-03-17 01:15:00,,,8.01225,
2016-03-17 01:30:00,,,7.1616875,
2016-03-17 01:45:00,,,6.3111250000000005,
2016-03-17 02:00:00,,,5.4605625,
2016-03-17 02:15:00,,,4.61,
2016-03-17 02:30:00,,,4.5060625000000005,
2016-03-17 02:45:00,,,4.402125,
2016-03-17 03:00:00,,,4.2981875,
2016-03-17 03:15:00,,,4.19425,
2016-03-17 03:30:00,,,4.1770625,
2016-03-17 03:45:00,,,4.159875,
2016-03-17 04:00:00,,,4.142687500000001,
2016-03-17 04:15:00,,,4.125500000000001,
2016-03-17 04:30:00,,,4.1148750000000005,
2016-03-17 04:45:00,,,4.10425,
2016-03-17 05:00:00,,,4.093625,
2016-03-17 05:15:00,,,4.083,
2016-03-17 05:30:00,,,4.0494375,
2016-03-17 05:45:00,,,4.015874999999999,
2016-03-17 06:00:00,,,3.9823125,
2016-03-17 06:15:00,,,3.9487499999999995,
2016-03-17 06:30:00,,,4.999874999999999,
2016-03-17 06:45:00,,,6.051,
2016-03-17 07:00:00,,,7.102125,
2016-03-17 07:15:00,,,8.15325,
2016-03-17 07:30:00,,,9.8336875,
2016-03-17 07:45:00,,,11.514125,
2016-03-17 08:00:00,,,13.1945625,
2016-03-17 08:15:00,,,14.875,
2016-03-17 08:30:00,,,15.278875,
2016-03-17 08:45:00,,,15.682749999999999,
2016-03-17 09:00:00,,,16.086624999999998,
2016-03-17 09:15:00,,,16.490499999999997,
2016-03-17 09:30:00,,,18.5931875,
2016-03-17 09:45:00,,,20.695874999999997,
2016-03-17 10:00:00,,,22.798562499999996,
2016-03-17 10:15:00,,,24.901249999999997,
2016-03-17 10:30:00,,,26.117437499999998,
2016-03-17 10:45:00,,,27.333624999999998,
2016-03-17 11:00:00,,,28.5498125,
2016-03-17 11:15:00,,,29.766000000000002,
2016-03-17 11:30:00,,,29.817375000000002,
2016-03-17 11:45:00,,,29.868750000000002,
2016-03-17 12:00:00,,,29.920125000000002,
2016-03-17 12:15:00,,,29.971500000000002,
2016-03-17 12:30:00,,,29.357625000000002,
2016-03-17 12:45:00,,,28.743750000000002,
2016-03-17 13:00:00,,,28.129875000000002,
2016-03-17 13:15:00,,,27.516000000000002,
2016-03-17 13:30:00,,,27.7730625,
2016-03-17 13:45:00,,,28.030124999999998,
2016-03-17 14:00:00,,,28.287187499999998,
2016-03-17 14:15:00,,,28.544249999999998,
2016-03-17 14:30:00,,,28.537499999999998,
2016-03-17 14:45:00,,,28.530749999999998,
2016-03-17 15:00:00,,,28.523999999999997,
2016-03-17 15:15:00,,,28.517249999999997,
2016-03-17 15:30:00,,,27.334437499999996,
2016-03-17 15:45:00,,,26.151624999999996,
2016-03-17 16:00:00,,,24.9688125,
2016-03-17 16:15:00,,,23.785999999999998,
2016-03-17 16:30:00,,,24.595187499999998,
2016-03-17 16:45:00,,,25.404375,
2016-03-17 17:00:00,,,26.213562500000002,
2016-03-17 17:15:00,,,27.022750000000002,
2016-03-17 17:30:00,,,26.4345,
2016-03-17 17:45:00,,,25.846249999999998,
2016-03-17 18:00:00,,,25.258,
2016-03-17 18:15:00,,,24.669749999999997,
2016-03-17 18:30:00,,,24.076499999999996,
2016-03-17 18:45:00,,,23.483249999999998,
2016-03-17 19:00:00,,,22.89,
2016-03-17 19:15:00,,,22.29675,
2016-03-17 19:30:00,,,21.7621875,
2016-03-17 19:45:00,,,21.227625,
2016-03-17 20:00:00,,,20.6930625,
2016-03-17 20:15:00,,,20.1585,
2016-03-17 20:30:00,,,20.1294375,
2016-03-17 20:45:00,,,20.100375,
2016-03-17 21:00:00,,,20.071312499999998,
2016-03-17 21:15:00,,,20.04225,
2016-03-17 21:30:00,,,20.226875,
2016-03-17 21:45:00,,,20.4115,
2016-03-17 22:00:00,,,20.596125,
2016-03-17 22:15:00,,,20.78075,
2016-03-17 22:30:00,,,19.2735625,
2016-03-17 22:45:00,,,17.766375,
2016-03-17 23:00:00,,,16.2591875,
2016-03-17 23:15:00,,,14.751999999999999,
2016-03-17 23:30:00,,,13.0594375,
2016-03-17 23:45:00,,,11.366875,
2016-03-18 00:00:00,,,9.6743125,
2016-03-18 00:15:00,,,7.981750000000001,
2016-03-18 00:30:00,,,7.460312500000001,
2016-03-18 00:45:00,,,6.938875,
2016-03-18 01:00:00,,,6.4174375,
2016-03-18 01:15:00,,,5.896,
2016-03-18 01:30:00,,,5.3304375,
2016-03-18 01:45:00,,,4.764875,
2016-03-18 02:00:00,,,4.1993125,
2016-03-18 02:15:00,,,3.63375,
2016-03-18 02:30:00,,,3.5681875,
2016-03-18 02:45:00,,,3.502625,
2016-03-18 03:00:00,,,3.4370625,
2016-03-18 03:15:00,,,3.3715,
2016-03-18 03:30:00,,,3.3623125000000003,
2016-03-18 03:45:00,,,3.3531250000000004,
2016-03-18 04:00:00,,,3.3439375,
2016-03-18 04:15:00,,,3.33475,
2016-03-18 04:30:00,,,3.402125,
2016-03-18 04:45:00,,,3.4695,
2016-03-18 05:00:00,,,3.536875,
2016-03-18 05:15:00,,,3.60425,
2016-03-18 05:30:00,,,3.5776875,
2016-03-18 05:45:00,,,3.551125,
2016-03-18 06:00:00,,,3.5245625,
2016-03-18 06:15:00,,,3.498,
2016-03-18 06:30:00,,,4.612500000000001,
2016-03-18 06:45:00,,,5.727,
2016-03-18 07:00:00,,,6.8415,
2016-03-18 07:15:00,,,7.956,
2016-03-18 07:30:00,,,9.4000625,
2016-03-18 07:45:00,,,10.844125,
2016-03-18 08:00:00,,,12.2881875,
2016-03-18 08:15:00,,,13.73225,
2016-03-18 08:30:00,,,14.6318125,
2016-03-18 08:45:00,,,15.531375,
2016-03-18 09:00:00,,,16.4309375,
2016-03-18 09:15:00,,,17.3305,
2016-03-18 09:30:00,,,20.3003125,
2016-03-18 09:45:00,,,23.270125,
2016-03-18 10:00:00,,,26.239937499999996,
2016-03-18 10:15:00,,,29.209749999999996,
2016-03-18 10:30:00,,,30.05325,
2016-03-18 10:45:00,,,30.896749999999997,
2016-03-18 11:00:00,,,31.74025,
2016-03-18 11:15:00,,,32.58375,
2016-03-18 11:30:00,,,31.9225625,
2016-03-18 11:45:00,,,31.261375,
2016-03-18 12:00:00,,,30.6001875,
2016-03-18 12:15:00,,,29.939,
2016-03-18 12:30:00,,,29.8106875,
2016-03-18 12:45:00,,,29.682375,
2016-03-18 13:00:00,,,29.5540625,
2016-03-18 13:15:00,,,29.42575,
2016-03-18 13:30:00,,,29.6051875,
2016-03-18 13:45:00,,,29.784625000000002,
2016-03-18 14:00:00,,,29.964062500000004,
2016-03-18 14:15:00,,,30.143500000000003,
2016-03-18 14:30:00,,,30.0103125,
2016-03-18 14:45:00,,,29.877125,
2016-03-18 15:00:00,,,29.7439375,
2016-03-18 15:15:00,,,29.61075,
2016-03-18 15:30:00,,,28.4323125,
2016-03-18 15:45:00,,,27.253874999999997,
2016-03-18 16:00:00,,,26.075437499999996,
2016-03-18 16:15:00,,,24.896999999999995,
2016-03-18 16:30:00,,,24.508374999999997,
2016-03-18 16:45:00,,,24.119749999999996,
2016-03-18 17:00:00,,,23.731125,
2016-03-18 17:15:00,,,23.3425,
2016-03-18 17:30:00,,,23.13075,
2016-03-18 17:45:00,,,22.918999999999997,
2016-03-18 18:00:00,,,22.70725,
2016-03-18 18:15:00,,,22.495499999999996,
2016-03-18 18:30:00,,,23.284187499999998,
2016-03-18 18:45:00,,,24.072874999999996,
2016-03-18 19:00:00,,,24.861562499999998,
2016-03-18 19:15:00,,,25.65025,
2016-03-18 19:30:00,,,25.1029375,
2016-03-18 19:45:00,,,24.555625,
2016-03-18 20:00:00,,,24.0083125,
2016-03-18 20:15:00,,,23.461,
2016-03-18 20:30:00,,,23.4274375,
2016-03-18 20:45:00,,,23.393875,
2016-03-18 21:00:00,,,23.3603125,
2016-03-18 21:15:00,,,23.32675,
2016-03-18 21:30:00,,,24.314,
2016-03-18 21:45:00,,,25.30125,
2016-03-18 22:00:00,,,26.2885,
2016-03-18 22:15:00,,,27.27575,
2016-03-18 22:30:00,,,25.093875,
2016-03-18 22:45:00,,,22.912,
2016-03-18 23:00:00,,,20.730125,
2016-03-18 23:15:00,,,18.548250000000003,
2016-03-18 23:30:00,,,16.362625,
2016-03-18 23:45:00,,,14.177000000000001,
2016-03-19 00:00:00,,,11.991375000000001,
2016-03-19 00:15:00,,,9.80575,
2016-03-19 00:30:00,,,9.5046875,
2016-03-19 00:45:00,,,9.203624999999999,
2016-03-19 01:00:00,,,8.9025625,
2016-03-19 01:15:00,,,8.6015,
2016-03-19 01:30:00,,,8.163812499999999,
2016-03-19 01:45:00,,,7.726125,
2016-03-19 02:00:00,,,7.2884375,
2016-03-19 02:15:00,,,6.85075,
2016-03-19 02:30:00,,,6.236812499999999,
2016-03-19 02:45:00,,,5.622875,
2016-03-19 03:00:00,,,5.0089375,
2016-03-19 03:15:00,,,4.395,
2016-03-19 03:30:00,,,4.2741875,
2016-03-19 03:45:00,,,4.153375,
2016-03-19 04:00:00,,,4.0325625,
2016-03-19 04:15:00,,,3.91175,
2016-03-19 04:30:00,,,3.87425,
2016-03-19 04:45:00,,,3.8367500000000003,
2016-03-19 05:00:00,,,3.7992500000000002,
2016-03-19 05:15:00,,,3.76175,
2016-03-19 05:30:00,,,3.7807500000000003,
2016-03-19 05:45:00,,,3.79975,
2016-03-19 06:00:00,,,3.8187499999999996,
2016-03-19 06:15:00,,,3.8377499999999998,
2016-03-19 06:30:00,,,3.8417499999999998,
2016-03-19 06:45:00,,,3.84575,
2016-03-19 07:00:00,,,3.84975,
2016-03-19 07:15:00,,,3.85375,
2016-03-19 07:30:00,,,3.7891874999999997,
2016-03-19 07:45:00,,,3.7246249999999996,
2016-03-19 08:00:00,,,3.6600625,
2016-03-19 08:15:00,,,3.5955,
2016-03-19 08:30:00,,,3.6081875,
2016-03-19 08:45:00,,,3.620875,
2016-03-19 09:00:00,,,3.6335625,
2016-03-19 09:15:00,,,3.64625,
2016-03-19 09:30:00,,,3.7573125000000003,
2016-03-19 09:45:00,,,3.868375,
2016-03-19 10:00:00,,,3.9794374999999995,
2016-03-19 10:15:00,,,4.0905,
2016-03-19 10:30:00,,,4.400499999999999,
2016-03-19 10:45:00,,,4.7105,
2016-03-19 11:00:00,,,5.0205,
2016-03-19 11:15:00,,,5.3305,
2016-03-19 11:30:00,,,5.428875,
2016-03-19 11:45:00,,,5.52725,
2016-03-19 12:00:00,,,5.625625,
2016-03-19 12:15:00,,,5.724,
2016-03-19 12:30:00,,,5.7076875000000005,
2016-03-19 12:45:00,,,5.691375000000001,
2016-03-19 13:00:00,,,5.6750625,
2016-03-19 13:15:00,,,5.65875,
2016-03-19 13:30:00,,,5.652312500000001,
2016-03-19 13:45:00,,,5.645875,
2016-03-19 14:00:00,,,5.6394375,
2016-03-19 14:15:00,,,5.633,
2016-03-19 14:30:00,,,6.3294375,
2016-03-19 14:45:00,,,7.025874999999999,
2016-03-19 15:00:00,,,7.722312499999999,
2016-03-19 15:15:00,,,8.41875,
2016-03-19 15:30:00,,,8.400062499999999,
2016-03-19 15:45:00,,,8.381374999999998,
2016-03-19 16:00:00,,,8.3626875,
2016-03-19 16:15:00,,,8.344,
2016-03-19 16:30:00,,,8.2373125,
2016-03-19 16:45:00,,,8.130624999999998,
2016-03-19 17:00:00,,,8.023937499999999,
2016-03-19 17:15:00,,,7.917249999999999,
2016-03-19 17:30:00,,,7.412937499999999,
2016-03-19 17:45:00,,,6.908624999999999,
2016-03-19 18:00:00,,,6.4043125,
2016-03-19 18:15:00,,,5.8999999999999995,
2016-03-19 18:30:00,,,5.458562499999999,
2016-03-19 18:45:00,,,5.017125,
2016-03-19 19:00:00,,,4.5756875,
2016-03-19 19:15:00,,,4.13425,
2016-03-19 19:30:00,,,3.945125,
2016-03-19 19:45:00,,,3.756,
2016-03-19 20:00:00,,,3.5668749999999996,
2016-03-19 20:15:00,,,3.37775,
2016-03-19 20:30:00,,,3.426875,
2016-03-19 20:45:00,,,3.476,
2016-03-19 21:00:00,,,3.525125,
2016-03-19 21:15:00,,,3.57425,
2016-03-19 21:30:00,,,4.6518125,
2016-03-19 21:45:00,,,5.729375,
2016-03-19 22:00:00,,,6.8069375,
2016-03-19 22:15:00,,,7.8845,
2016-03-19 22:30:00,,,8.126875,
2016-03-19 22:45:00,,,8.36925,
2016-03-19 23:00:00,,,8.611625,
2016-03-19 23:15:00,,,8.854,
2016-03-19 23:30:00,,,8.837375,
2016-03-19 23:45:00,,,8.82075,
2016-03-20 00:00:00,,,8.804124999999999,
2016-03-20 00:15:00,,,8.7875,
2016-03-20 00:30:00,,,8.62875,
2016-03-20 00:45:00,,,8.469999999999999,
2016-03-20 01:00:00,,,8.31125,
2016-03-20 01:15:00,,,8.1525,
2016-03-20 01:30:00,,,7.751125,
2016-03-20 01:45:00,,,7.34975,
2016-03-20 02:00:00,,,6.9483749999999995,
2016-03-20 02:15:00,,,6.547,
2016-03-20 02:30:00,,,6.2625625,
2016-03-20 02:45:00,,,5.978125,
2016-03-20 03:00:00,,,5.6936875,
2016-03-20 03:15:00,,,5.40925,
2016-03-20 03:30:00,,,5.012625,
2016-03-20 03:45:00,,,4.616,
2016-03-20 04:00:00,,,4.219374999999999,
2016-03-20 04:15:00,,,3.8227499999999996,
2016-03-20 04:30:00,,,3.745875,
2016-03-20 04:45:00,,,3.6689999999999996,
2016-03-20 05:00:00,,,3.592125,
2016-03-20 05:15:00,,,3.51525,
2016-03-20 05:30:00,,,3.5466875,
2016-03-20 05:45:00,,,3.578125,
2016-03-20 06:00:00,,,3.6095625,
2016-03-20 06:15:00,,,3.641,
2016-03-20 06:30:00,,,3.6466250000000002,
2016-03-20 06:45:00,,,3.65225,
2016-03-20 07:00:00,,,3.6578749999999998,
2016-03-20 07:15:00,,,3.6635,
2016-03-20 07:30:00,,,3.644,
2016-03-20 07:45:00,,,3.6245,
2016-03-20 08:00:00,,,3.6049999999999995,
2016-03-20 08:15:00,,,3.5854999999999997,
2016-03-20 08:30:00,,,3.5685624999999996,
2016-03-20 08:45:00,,,3.551625,
2016-03-20 09:00:00,,,3.5346875000000004,
2016-03-20 09:15:00,,,3.5177500000000004,
2016-03-20 09:30:00,,,3.5430625000000004,
2016-03-20 09:45:00,,,3.5683750000000005,
2016-03-20 10:00:00,,,3.5936875,
2016-03-20 10:15:00,,,3.619,
2016-03-20 10:30:00,,,3.816875,
2016-03-20 10:45:00,,,4.01475,
2016-03-20 11:00:00,,,4.212625,
2016-03-20 11:15:00,,,4.4105,
2016-03-20 11:30:00,,,4.759125,
2016-03-20 11:45:00,,,5.107749999999999,
2016-03-20 12:00:00,,,5.4563749999999995,
2016-03-20 12:15:00,,,5.805,
2016-03-20 12:30:00,,,5.5420625,
2016-03-20 12:45:00,,,5.2791250000000005,
2016-03-20 13:00:00,,,5.0161875,
2016-03-20 13:15:00,,,4.75325,
2016-03-20 13:30:00,,,5.02275,
2016-03-20 13:45:00,,,5.29225,
2016-03-20 14:00:00,,,5.56175,
2016-03-20 14:15:00,,,5.83125,
2016-03-20 14:30:00,,,6.16325,
2016-03-20 14:45:00,,,6.4952499999999995,
2016-03-20 15:00:00,,,6.827249999999999,
2016-03-20 15:15:00,,,7.159249999999999,
2016-03-20 15:30:00,,,7.266562499999999,
2016-03-20 15:45:00,,,7.373875,
2016-03-20 16:00:00,,,7.4811875,
2016-03-20 16:15:00,,,7.5885,
2016-03-20 16:30:00,,,7.523,
2016-03-20 16:45:00,,,7.4575,
2016-03-20 17:00:00,,,7.3919999999999995,
2016-03-20 17:15:00,,,7.326499999999999,
2016-03-20 17:30:00,,,6.9643749999999995,
2016-03-20 17:45:00,,,6.60225,
2016-03-20 18:00:00,,,6.240125,
2016-03-20 18:15:00,,,5.878,
2016-03-20 18:30:00,,,5.6060625,
2016-03-20 18:45:00,,,5.334125,
2016-03-20 19:00:00,,,5.062187499999999,
2016-03-20 19:15:00,,,4.7902499999999995,
2016-03-20 19:30:00,,,4.6041875,
2016-03-20 19:45:00,,,4.418125,
2016-03-20 20:00:00,,,4.2320625,
2016-03-20 20:15:00,,,4.046,
2016-03-20 20:30:00,,,3.9602500000000003,
2016-03-20 20:45:00,,,3.8745000000000003,
2016-03-20 21:00:00,,,3.78875,
2016-03-20 21:15:00,,,3.703,
2016-03-20 21:30:00,,,3.6656874999999998,
2016-03-20 21:45:00,,,3.628375,
2016-03-20 22:00:00,,,3.5910625,
2016-03-20 22:15:00,,,3.55375,
2016-03-20 22:30:00,,,3.5069999999999997,
2016-03-20 22:45:00,,,3.46025,
2016-03-20 23:00:00,,,3.4135,
2016-03-20 23:15:00,,,3.3667499999999997,
2016-03-20 23:30:00,,,3.3888749999999996,
2016-03-20 23:45:00,,,3.411,
2016-03-21 00:00:00,,,3.4331250000000004,
2016-06-06 00:15:00,,5.037,,
2016-06-06 00:30:00,,4.70275,,
2016-06-06 00:45:00,,4.3685,,
2016-06-06 01:00:00,,4.03425,,
2016-06-06 01:15:00,,3.7,,
2016-06-06 01:30:00,,3.6481250000000003,,
2016-06-06 01:45:00,,3.59625,,
2016-06-06 02:00:00,,3.5443749999999996,,
2016-06-06 02:15:00,,3.4924999999999997,,
2016-06-06 02:30:00,,3.4634374999999995,,
2016-06-06 02:45:00,,3.4343749999999997,,
2016-06-06 03:00:00,,3.4053125,,
2016-06-06 03:15:00,,3.3762499999999998,,
2016-06-06 03:30:00,,3.3619375,,
2016-06-06 03:45:00,,3.347625,,
2016-06-06 04:00:00,,3.3333124999999995,,
2016-06-06 04:15:00,,3.3189999999999995,,
2016-06-06 04:30:00,,3.3182499999999995,,
2016-06-06 04:45:00,,3.3175,,
2016-06-06 05:00:00,,3.31675,,
2016-06-06 05:15:00,,3.316,,
2016-06-06 05:30:00,,4.77375,,
2016-06-06 05:45:00,,6.2315000000000005,,
2016-06-06 06:00:00,,7.68925,,
2016-06-06 06:15:00,,9.147,,
2016-06-06 06:30:00,,13.05425,,
2016-06-06 06:45:00,,16.9615,,
2016-06-06 07:00:00,,20.86875,,
2016-06-06 07:15:00,,24.776,,
2016-06-06 07:30:00,,25.8594375,,
2016-06-06 07:45:00,,26.942875,,
2016-06-06 08:00:00,,28.026312500000003,,
2016-06-06 08:15:00,,29.109750000000002,,
2016-06-06 08:30:00,,30.286625,,
2016-06-06 08:45:00,,31.463500000000003,,
2016-06-06 09:00:00,,32.640375,,
2016-06-06 09:15:00,,33.81725,,
2016-06-06 09:30:00,,34.349000000000004,,
2016-06-06 09:45:00,,34.88075,,
2016-06-06 10:00:00,,35.412499999999994,,
2016-06-06 10:15:00,,35.94425,,
2016-06-06 10:30:00,,36.32075,,
2016-06-06 10:45:00,,36.69725,,
2016-06-06 11:00:00,,37.07375,,
2016-06-06 11:15:00,,37.45025,,
2016-06-06 11:30:00,,38.9523125,,
2016-06-06 11:45:00,,40.454375,,
2016-06-06 12:00:00,,41.9564375,,
2016-06-06 12:15:00,,43.4585,,
2016-06-06 12:30:00,,43.9081875,,
2016-06-06 12:45:00,,44.357875,,
2016-06-06 13:00:00,,44.8075625,,
2016-06-06 13:15:00,,45.25725,,
2016-06-06 13:30:00,,45.0216875,,
2016-06-06 13:45:00,,44.786125,,
2016-06-06 14:00:00,,44.550562500000005,,
2016-06-06 14:15:00,,44.315000000000005,,
2016-06-06 14:30:00,,43.9428125,,
2016-06-06 14:45:00,,43.570625,,
2016-06-06 15:00:00,,43.1984375,,
2016-06-06 15:15:00,,42.826249999999995,,
2016-06-06 15:30:00,,41.58381249999999,,
2016-06-06 15:45:00,,40.341375,,
2016-06-06 16:00:00,,39.0989375,,
2016-06-06 16:15:00,,37.8565,,
2016-06-06 16:30:00,,38.028875,,
2016-06-06 16:45:00,,38.201249999999995,,
2016-06-06 17:00:00,,38.37362499999999,,
2016-06-06 17:15:00,,38.54599999999999,,
2016-06-06 17:30:00,,38.55231249999999,,
2016-06-06 17:45:00,,38.55862499999999,,
2016-06-06 18:00:00,,38.5649375,,
2016-06-06 18:15:00,,38.57125,,
2016-06-06 18:30:00,,38.4258125,,
2016-06-06 18:45:00,,38.280375,,
2016-06-06 19:00:00,,38.1349375,,
2016-06-06 19:15:00,,37.9895,,
2016-06-06 19:30:00,,37.5799375,,
2016-06-06 19:45:00,,37.17037499999999,,
2016-06-06 20:00:00,,36.76081249999999,,
2016-06-06 20:15:00,,36.35124999999999,,
2016-06-06 20:30:00,,36.234312499999994,,
2016-06-06 20:45:00,,36.117374999999996,,
2016-06-06 21:00:00,,36.0004375,,
2016-06-06 21:15:00,,35.8835,,
2016-06-06 21:30:00,,32.5103125,,
2016-06-06 21:45:00,,29.137124999999997,,
2016-06-06 22:00:00,,25.7639375,,
2016-06-06 22:15:00,,22.39075,,
2016-06-06 22:30:00,,18.8628125,,
2016-06-06 22:45:00,,15.334875,,
2016-06-06 23:00:00,,11.8069375,,
2016-06-06 23:15:00,,8.279,,
2016-06-06 23:30:00,,12.721,,
2016-06-06 23:45:00,,17.162999999999997,,
2016-06-07 00:00:00,,21.604999999999997,,
2016-06-07 00:15:00,,26.046999999999997,,
2016-06-07 00:30:00,,21.466375,,
2016-06-07 00:45:00,,16.885749999999998,,
2016-06-07 01:00:00,,12.305124999999999,,
2016-06-07 01:15:00,,7.7245,,
2016-06-07 01:30:00,,6.763625,,
2016-06-07 01:45:00,,5.80275,,
2016-06-07 02:00:00,,4.841875,,
2016-06-07 02:15:00,,3.881,,
2016-06-07 02:30:00,,3.8268125,,
2016-06-07 02:45:00,,3.7726249999999997,,
2016-06-07 03:00:00,,3.7184375,,
2016-06-07 03:15:00,,3.66425,,
2016-06-07 03:30:00,,3.634,,
2016-06-07 03:45:00,,3.60375,,
2016-06-07 04:00:00,,3.5735,,
2016-06-07 04:15:00,,3.54325,,
2016-06-07 04:30:00,,3.528375,,
2016-06-07 04:45:00,,3.5135,,
2016-06-07 05:00:00,,3.498625,,
2016-06-07 05:15:00,,3.48375,,
2016-06-07 05:30:00,,3.4794375000000004,,
2016-06-07 05:45:00,,3.4751250000000002,,
2016-06-07 06:00:00,,3.4708125,,
2016-06-07 06:15:00,,3.4665000000000004,,
2016-06-07 06:30:00,,5.112625,,
2016-06-07 06:45:00,,6.758750000000001,,
2016-06-07 07:00:00,,8.404875,,
2016-06-07 07:15:00,,10.051,,
2016-06-07 07:30:00,,14.952375,,
2016-06-07 07:45:00,,19.853749999999998,,
2016-06-07 08:00:00,,24.755125,,
2016-06-07 08:15:00,,29.6565,,
2016-06-07 08:30:00,,29.7398125,,
2016-06-07 08:45:00,,29.823125,,
2016-06-07 09:00:00,,29.906437500000003,,
2016-06-07 09:15:00,,29.98975,,
2016-06-07 09:30:00,,30.7394375,,
2016-06-07 09:45:00,,31.489125,,
2016-06-07 10:00:00,,32.2388125,,
2016-06-07 10:15:00,,32.9885,,
2016-06-07 10:30:00,,33.643625,,
2016-06-07 10:45:00,,34.29875,,
2016-06-07 11:00:00,,34.953875000000004,,
2016-06-07 11:15:00,,35.609,,
2016-06-07 11:30:00,,36.429625,,
2016-06-07 11:45:00,,37.25025,,
2016-06-07 12:00:00,,38.070875,,
2016-06-07 12:15:00,,38.8915,,
2016-06-07 12:30:00,,40.41825,,
2016-06-07 12:45:00,,41.94500000000001,,
2016-06-07 13:00:00,,43.47175000000001,,
2016-06-07 13:15:00,,44.99850000000001,,
2016-06-07 13:30:00,,45.21356250000001,,
2016-06-07 13:45:00,,45.428625000000004,,
2016-06-07 14:00:00,,45.6436875,,
2016-06-07 14:15:00,,45.85875,,
2016-06-07 14:30:00,,45.633187500000005,,
2016-06-07 14:45:00,,45.407625,,
2016-06-07 15:00:00,,45.1820625,,
2016-06-07 15:15:00,,44.956500000000005,,
2016-06-07 15:30:00,,44.5805,,
2016-06-07 15:45:00,,44.204499999999996,,
2016-06-07 16:00:00,,43.8285,,
2016-06-07 16:15:00,,43.45249999999999,,
2016-06-07 16:30:00,,42.306374999999996,,
2016-06-07 16:45:00,,41.16025,,
2016-06-07 17:00:00,,40.014125,,
2016-06-07 17:15:00,,38.868,,
2016-06-07 17:30:00,,38.91375,,
2016-06-07 17:45:00,,38.959500000000006,,
2016-06-07 18:00:00,,39.005250000000004,,
2016-06-07 18:15:00,,39.051,,
2016-06-07 18:30:00,,38.99425,,
2016-06-07 18:45:00,,38.9375,,
2016-06-07 19:00:00,,38.88075,,
2016-06-07 19:15:00,,38.824,,
2016-06-07 19:30:00,,38.744375,,
2016-06-07 19:45:00,,38.66475,,
2016-06-07 20:00:00,,38.585125,,
2016-06-07 20:15:00,,38.5055,,
2016-06-07 20:30:00,,38.1555625,,
2016-06-07 20:45:00,,37.805625,,
2016-06-07 21:00:00,,37.455687499999996,,
2016-06-07 21:15:00,,37.10575,,
2016-06-07 21:30:00,,36.8660625,,
2016-06-07 21:45:00,,36.626374999999996,,
2016-06-07 22:00:00,,36.3866875,,
2016-06-07 22:15:00,,36.147,,
2016-06-07 22:30:00,,32.7754375,,
2016-06-07 22:45:00,,29.403875,,
2016-06-07 23:00:00,,26.032312500000003,,
2016-06-07 23:15:00,,22.660750000000004,,
2016-06-07 23:30:00,,19.128125000000004,,
2016-06-07 23:45:00,,15.595500000000001,,
2016-06-08 00:00:00,,12.062875000000002,,
2016-06-08 00:15:00,,8.53025,,
2016-06-08 00:30:00,,8.3045,,
2016-06-08 00:45:00,,8.07875,,
2016-06-08 01:00:00,,7.853,,
2016-06-08 01:15:00,,7.62725,,
2016-06-08 01:30:00,,6.6866875,,
2016-06-08 01:45:00,,5.746125,,
2016-06-08 02:00:00,,4.805562500000001,,
2016-06-08 02:15:00,,3.865,,
2016-06-08 02:30:00,,3.8108750000000002,,
2016-06-08 02:45:00,,3.7567500000000003,,
2016-06-08 03:00:00,,3.702625,,
2016-06-08 03:15:00,,3.6485,,
2016-06-08 03:30:00,,3.6185,,
2016-06-08 03:45:00,,3.5885,,
2016-06-08 04:00:00,,3.5585,,
2016-06-08 04:15:00,,3.5285,,
2016-06-08 04:30:00,,3.5139375,,
2016-06-08 04:45:00,,3.499375,,
2016-06-08 05:00:00,,3.4848125000000003,,
2016-06-08 05:15:00,,3.47025,,
2016-06-08 05:30:00,,3.465875,,
2016-06-08 05:45:00,,3.4615,,
2016-06-08 06:00:00,,3.457125,,
2016-06-08 06:15:00,,3.45275,,
2016-06-08 06:30:00,,5.161375,,
2016-06-08 06:45:00,,6.869999999999999,,
2016-06-08 07:00:00,,8.578624999999999,,
2016-06-08 07:15:00,,10.287249999999998,,
2016-06-08 07:30:00,,14.7510625,,
2016-06-08 07:45:00,,19.214875,,
2016-06-08 08:00:00,,23.678687500000002,,
2016-06-08 08:15:00,,28.142500000000002,,
2016-06-08 08:30:00,,27.7886875,,
2016-06-08 08:45:00,,27.434874999999998,,
2016-06-08 09:00:00,,27.081062499999998,,
2016-06-08 09:15:00,,26.727249999999998,,
2016-06-08 09:30:00,,28.160874999999997,,
2016-06-08 09:45:00,,29.5945,,
2016-06-08 10:00:00,,31.028125000000003,,
2016-06-08 10:15:00,,32.46175,,
2016-06-08 10:30:00,,33.3623125,,
2016-06-08 10:45:00,,34.262875,,
2016-06-08 11:00:00,,35.1634375,,
2016-06-08 11:15:00,,36.064,,
2016-06-08 11:30:00,,37.6325,,
2016-06-08 11:45:00,,39.201,,
2016-06-08 12:00:00,,40.7695,,
2016-06-08 12:15:00,,42.338,,
2016-06-08 12:30:00,,43.2951875,,
2016-06-08 12:45:00,,44.252375,,
2016-06-08 13:00:00,,45.209562500000004,,
2016-06-08 13:15:00,,46.16675,,
2016-06-08 13:30:00,,46.319125,,
2016-06-08 13:45:00,,46.471500000000006,,
2016-06-08 14:00:00,,46.623875000000005,,
2016-06-08 14:15:00,,46.776250000000005,,
2016-06-08 14:30:00,,46.5500625,,
2016-06-08 14:45:00,,46.323875,,
2016-06-08 15:00:00,,46.097687500000006,,
2016-06-08 15:15:00,,45.871500000000005,,
2016-06-08 15:30:00,,45.246875,,
2016-06-08 15:45:00,,44.62225,,
2016-06-08 16:00:00,,43.997625,,
2016-06-08 16:15:00,,43.373,,
2016-06-08 16:30:00,,42.2336875,,
2016-06-08 16:45:00,,41.094375,,
2016-06-08 17:00:00,,39.9550625,,
2016-06-08 17:15:00,,38.81575,,
2016-06-08 17:30:00,,38.7366875,,
2016-06-08 17:45:00,,38.657625,,
2016-06-08 18:00:00,,38.578562500000004,,
2016-06-08 18:15:00,,38.499500000000005,,
2016-06-08 18:30:00,,38.755437500000006,,
2016-06-08 18:45:00,,39.011375,,
2016-06-08 19:00:00,,39.2673125,,
2016-06-08 19:15:00,,39.523250000000004,,
2016-06-08 19:30:00,,39.1940625,,
2016-06-08 19:45:00,,38.864875,,
2016-06-08 20:00:00,,38.5356875,,
2016-06-08 20:15:00,,38.2065,,
2016-06-08 20:30:00,,37.920375,,
2016-06-08 20:45:00,,37.634249999999994,,
2016-06-08 21:00:00,,37.348124999999996,,
2016-06-08 21:15:00,,37.062,,
2016-06-08 21:30:00,,36.69925,,
2016-06-08 21:45:00,,36.3365,,
2016-06-08 22:00:00,,35.973749999999995,,
2016-06-08 22:15:00,,35.611,,
2016-06-08 22:30:00,,32.3660625,,
2016-06-08 22:45:00,,29.121125,,
2016-06-08 23:00:00,,25.876187499999997,,
2016-06-08 23:15:00,,22.631249999999998,,
2016-06-08 23:30:00,,19.097624999999997,,
2016-06-08 23:45:00,,15.564,,
2016-06-09 00:00:00,,12.030375,,
2016-06-09 00:15:00,,8.49675,,
2016-06-09 00:30:00,,8.2903125,,
2016-06-09 00:45:00,,8.083875,,
2016-06-09 01:00:00,,7.8774375,,
2016-06-09 01:15:00,,7.671,,
2016-06-09 01:30:00,,6.7135,,
2016-06-09 01:45:00,,5.756,,
2016-06-09 02:00:00,,4.7985,,
2016-06-09 02:15:00,,3.8409999999999997,,
2016-06-09 02:30:00,,3.7873124999999996,,
2016-06-09 02:45:00,,3.733625,,
2016-06-09 03:00:00,,3.6799375000000003,,
2016-06-09 03:15:00,,3.62625,,
2016-06-09 03:30:00,,3.5960625,,
2016-06-09 03:45:00,,3.565875,,
2016-06-09 04:00:00,,3.5356875,,
2016-06-09 04:15:00,,3.5054999999999996,,
2016-06-09 04:30:00,,3.4909999999999997,,
2016-06-09 04:45:00,,3.4764999999999997,,
2016-06-09 05:00:00,,3.4619999999999997,,
2016-06-09 05:15:00,,3.4475,,
2016-06-09 05:30:00,,3.4433124999999998,,
2016-06-09 05:45:00,,3.4391249999999998,,
2016-06-09 06:00:00,,3.4349374999999998,,
2016-06-09 06:15:00,,3.4307499999999997,,
2016-06-09 06:30:00,,4.826375,,
2016-06-09 06:45:00,,6.2219999999999995,,
2016-06-09 07:00:00,,7.617624999999999,,
2016-06-09 07:15:00,,9.01325,,
2016-06-09 07:30:00,,13.4765625,,
2016-06-09 07:45:00,,17.939875,,
2016-06-09 08:00:00,,22.4031875,,
2016-06-09 08:15:00,,26.866500000000002,,
2016-06-09 08:30:00,,26.699125000000002,,
2016-06-09 08:45:00,,26.531750000000002,,
2016-06-09 09:00:00,,26.364375,,
2016-06-09 09:15:00,,26.197,,
2016-06-09 09:30:00,,27.807062499999997,,
2016-06-09 09:45:00,,29.417125,,
2016-06-09 10:00:00,,31.027187499999997,,
2016-06-09 10:15:00,,32.637249999999995,,
2016-06-09 10:30:00,,33.722874999999995,,
2016-06-09 10:45:00,,34.808499999999995,,
2016-06-09 11:00:00,,35.894125,,
2016-06-09 11:15:00,,36.97975,,
2016-06-09 11:30:00,,37.92156250000001,,
2016-06-09 11:45:00,,38.863375000000005,,
2016-06-09 12:00:00,,39.8051875,,
2016-06-09 12:15:00,,40.74700000000001,,
2016-06-09 12:30:00,,42.06968750000001,,
2016-06-09 12:45:00,,43.392375,,
2016-06-09 13:00:00,,44.7150625,,
2016-06-09 13:15:00,,46.03775,,
2016-06-09 13:30:00,,45.627375,,
2016-06-09 13:45:00,,45.217,,
2016-06-09 14:00:00,,44.806625000000004,,
2016-06-09 14:15:00,,44.39625,,
2016-06-09 14:30:00,,43.2965625,,
2016-06-09 14:45:00,,42.196875000000006,,
2016-06-09 15:00:00,,41.097187500000004,,
2016-06-09 15:15:00,,39.9975,,
2016-06-09 15:30:00,,39.6266875,,
2016-06-09 15:45:00,,39.255875,,
2016-06-09 16:00:00,,38.885062500000004,,
2016-06-09 16:15:00,,38.514250000000004,,
2016-06-09 16:30:00,,37.50775,,
2016-06-09 16:45:00,,36.50125,,
2016-06-09 17:00:00,,35.494749999999996,,
2016-06-09 17:15:00,,34.488249999999994,,
2016-06-09 17:30:00,,34.783874999999995,,
2016-06-09 17:45:00,,35.079499999999996,,
2016-06-09 18:00:00,,35.375125,,
2016-06-09 18:15:00,,35.67075,,
2016-06-09 18:30:00,,36.989,,
2016-06-09 18:45:00,,38.307249999999996,,
2016-06-09 19:00:00,,39.625499999999995,,
2016-06-09 19:15:00,,40.943749999999994,,
2016-06-09 19:30:00,,40.4905,,
2016-06-09 19:45:00,,40.03725,,
2016-06-09 20:00:00,,39.584,,
2016-06-09 20:15:00,,39.130750000000006,,
2016-06-09 20:30:00,,38.53337500000001,,
2016-06-09 20:45:00,,37.936,,
2016-06-09 21:00:00,,37.33862499999999,,
2016-06-09 21:15:00,,36.741249999999994,,
2016-06-09 21:30:00,,36.44206249999999,,
2016-06-09 21:45:00,,36.142875,,
2016-06-09 22:00:00,,35.8436875,,
2016-06-09 22:15:00,,35.5445,,
2016-06-09 22:30:00,,32.23825,,
2016-06-09 22:45:00,,28.932000000000002,,
2016-06-09 23:00:00,,25.62575,,
2016-06-09 23:15:00,,22.3195,,
2016-06-09 23:30:00,,18.850250000000003,,
2016-06-09 23:45:00,,15.381,,
2016-06-10 00:00:00,,11.91175,,
2016-06-10 00:15:00,,8.442499999999999,,
2016-06-10 00:30:00,,8.238187499999999,,
2016-06-10 00:45:00,,8.033874999999998,,
2016-06-10 01:00:00,,7.8295625,,
2016-06-10 01:15:00,,7.625249999999999,,
2016-06-10 01:30:00,,6.709499999999999,,
2016-06-10 01:45:00,,5.793749999999999,,
2016-06-10 02:00:00,,4.878,,
2016-06-10 02:15:00,,3.96225,,
2016-06-10 02:30:00,,3.9,,
2016-06-10 02:45:00,,3.8377499999999998,,
2016-06-10 03:00:00,,3.7754999999999996,,
2016-06-10 03:15:00,,3.7132499999999995,,
2016-06-10 03:30:00,,3.6788749999999997,,
2016-06-10 03:45:00,,3.6445,,
2016-06-10 04:00:00,,3.6101249999999996,,
2016-06-10 04:15:00,,3.5757499999999998,,
2016-06-10 04:30:00,,3.5580624999999997,,
2016-06-10 04:45:00,,3.540375,,
2016-06-10 05:00:00,,3.5226875,,
2016-06-10 05:15:00,,3.505,,
2016-06-10 05:30:00,,3.501125,,
2016-06-10 05:45:00,,3.49725,,
2016-06-10 06:00:00,,3.493375,,
2016-06-10 06:15:00,,3.4895,,
2016-06-10 06:30:00,,4.949187500000001,,
2016-06-10 06:45:00,,6.408875,,
2016-06-10 07:00:00,,7.868562500000001,,
2016-06-10 07:15:00,,9.32825,,
2016-06-10 07:30:00,,14.351,,
2016-06-10 07:45:00,,19.37375,,
2016-06-10 08:00:00,,24.396500000000003,,
2016-06-10 08:15:00,,29.41925,,
2016-06-10 08:30:00,,29.5660625,,
2016-06-10 08:45:00,,29.712875,,
2016-06-10 09:00:00,,29.8596875,,
2016-06-10 09:15:00,,30.0065,,
2016-06-10 09:30:00,,31.765249999999998,,
2016-06-10 09:45:00,,33.524,,
2016-06-10 10:00:00,,35.28275,,
2016-06-10 10:15:00,,37.0415,,
2016-06-10 10:30:00,,37.325312499999995,,
2016-06-10 10:45:00,,37.609125,,
2016-06-10 11:00:00,,37.8929375,,
2016-06-10 11:15:00,,38.17675,,
2016-06-10 11:30:00,,38.252562499999996,,
2016-06-10 11:45:00,,38.328375,,
2016-06-10 12:00:00,,38.404187500000006,,
2016-06-10 12:15:00,,38.480000000000004,,
2016-06-10 12:30:00,,40.284687500000004,,
2016-06-10 12:45:00,,42.089375000000004,,
2016-06-10 13:00:00,,43.894062500000004,,
2016-06-10 13:15:00,,45.698750000000004,,
2016-06-10 13:30:00,,45.846500000000006,,
2016-06-10 13:45:00,,45.99425,,
2016-06-10 14:00:00,,46.141999999999996,,
2016-06-10 14:15:00,,46.28975,,
2016-06-10 14:30:00,,46.069374999999994,,
2016-06-10 14:45:00,,45.849,,
2016-06-10 15:00:00,,45.628625,,
2016-06-10 15:15:00,,45.408249999999995,,
2016-06-10 15:30:00,,44.8865,,
2016-06-10 15:45:00,,44.36475,,
2016-06-10 16:00:00,,43.843,,
2016-06-10 16:15:00,,43.321250000000006,,
2016-06-10 16:30:00,,41.91375000000001,,
2016-06-10 16:45:00,,40.50625,,
2016-06-10 17:00:00,,39.098749999999995,,
2016-06-10 17:15:00,,37.69125,,
2016-06-10 17:30:00,,37.626999999999995,,
2016-06-10 17:45:00,,37.562749999999994,,
2016-06-10 18:00:00,,37.4985,,
2016-06-10 18:15:00,,37.43425,,
2016-06-10 18:30:00,,37.2271875,,
2016-06-10 18:45:00,,37.020125,,
2016-06-10 19:00:00,,36.8130625,,
2016-06-10 19:15:00,,36.606,,
2016-06-10 19:30:00,,36.4994375,,
2016-06-10 19:45:00,,36.392875000000004,,
2016-06-10 20:00:00,,36.2863125,,
2016-06-10 20:15:00,,36.17975,,
2016-06-10 20:30:00,,36.0174375,,
2016-06-10 20:45:00,,35.855125,,
2016-06-10 21:00:00,,35.6928125,,
2016-06-10 21:15:00,,35.5305,,
2016-06-10 21:30:00,,35.4176875,,
2016-06-10 21:45:00,,35.304874999999996,,
2016-06-10 22:00:00,,35.1920625,,
2016-06-10 22:15:00,,35.079249999999995,,
2016-06-10 22:30:00,,31.949187499999994,,
2016-06-10 22:45:00,,28.819124999999996,,
2016-06-10 23:00:00,,25.6890625,,
2016-06-10 23:15:00,,22.558999999999997,,
2016-06-10 23:30:00,,19.197249999999997,,
2016-06-10 23:45:00,,15.8355,,
2016-06-11 00:00:00,,12.473749999999999,,
2016-06-11 00:15:00,,9.112,,
2016-06-11 00:30:00,,8.9273125,,
2016-06-11 00:45:00,,8.742625,,
2016-06-11 01:00:00,,8.557937500000001,,
2016-06-11 01:15:00,,8.37325,,
2016-06-11 01:30:00,,7.41875,,
2016-06-11 01:45:00,,6.46425,,
2016-06-11 02:00:00,,5.5097499999999995,,
2016-06-11 02:15:00,,4.555249999999999,,
2016-06-11 02:30:00,,4.461812499999999,,
2016-06-11 02:45:00,,4.3683749999999995,,
2016-06-11 03:00:00,,4.2749375,,
2016-06-11 03:15:00,,4.1815,,
2016-06-11 03:30:00,,4.17425,,
2016-06-11 03:45:00,,4.167,,
2016-06-11 04:00:00,,4.15975,,
2016-06-11 04:15:00,,4.1525,,
2016-06-11 04:30:00,,4.0741249999999996,,
2016-06-11 04:45:00,,3.99575,,
2016-06-11 05:00:00,,3.917375,,
2016-06-11 05:15:00,,3.839,,
2016-06-11 05:30:00,,3.8240625,,
2016-06-11 05:45:00,,3.809125,,
2016-06-11 06:00:00,,3.7941874999999996,,
2016-06-11 06:15:00,,3.7792499999999998,,
2016-06-11 06:30:00,,3.784875,,
2016-06-11 06:45:00,,3.7904999999999998,,
2016-06-11 07:00:00,,3.796125,,
2016-06-11 07:15:00,,3.80175,,
2016-06-11 07:30:00,,3.7700625000000003,,
2016-06-11 07:45:00,,3.7383750000000004,,
2016-06-11 08:00:00,,3.7066875,,
2016-06-11 08:15:00,,3.6750000000000003,,
2016-06-11 08:30:00,,3.6263125,,
2016-06-11 08:45:00,,3.5776250000000003,,
2016-06-11 09:00:00,,3.5289375,,
2016-06-11 09:15:00,,3.48025,,
2016-06-11 09:30:00,,3.7805,,
2016-06-11 09:45:00,,4.08075,,
2016-06-11 10:00:00,,4.380999999999999,,
2016-06-11 10:15:00,,4.6812499999999995,,
2016-06-11 10:30:00,,4.870125,,
2016-06-11 10:45:00,,5.058999999999999,,
2016-06-11 11:00:00,,5.247874999999999,,
2016-06-11 11:15:00,,5.436749999999999,,
2016-06-11 11:30:00,,5.632937499999999,,
2016-06-11 11:45:00,,5.8291249999999994,,
2016-06-11 12:00:00,,6.025312499999999,,
2016-06-11 12:15:00,,6.221499999999999,,
2016-06-11 12:30:00,,6.778687499999998,,
2016-06-11 12:45:00,,7.335874999999999,,
2016-06-11 13:00:00,,7.893062499999999,,
2016-06-11 13:15:00,,8.450249999999999,,
2016-06-11 13:30:00,,8.5003125,,
2016-06-11 13:45:00,,8.550374999999999,,
2016-06-11 14:00:00,,8.600437499999998,,
2016-06-11 14:15:00,,8.6505,,
2016-06-11 14:30:00,,8.6170625,,
2016-06-11 14:45:00,,8.583625,,
2016-06-11 15:00:00,,8.5501875,,
2016-06-11 15:15:00,,8.51675,,
2016-06-11 15:30:00,,8.35875,,
2016-06-11 15:45:00,,8.20075,,
2016-06-11 16:00:00,,8.04275,,
2016-06-11 16:15:00,,7.8847499999999995,,
2016-06-11 16:30:00,,7.3858125,,
2016-06-11 16:45:00,,6.886875,,
2016-06-11 17:00:00,,6.3879375,,
2016-06-11 17:15:00,,5.889,,
2016-06-11 17:30:00,,5.8625,,
2016-06-11 17:45:00,,5.836,,
2016-06-11 18:00:00,,5.8095,,
2016-06-11 18:15:00,,5.7829999999999995,,
2016-06-11 18:30:00,,5.805375,,
2016-06-11 18:45:00,,5.82775,,
2016-06-11 19:00:00,,5.850124999999999,,
2016-06-11 19:15:00,,5.8725,,
2016-06-11 19:30:00,,5.8843125,,
2016-06-11 19:45:00,,5.896125,,
2016-06-11 20:00:00,,5.907937499999999,,
2016-06-11 20:15:00,,5.91975,,
2016-06-11 20:30:00,,5.952,,
2016-06-11 20:45:00,,5.984249999999999,,
2016-06-11 21:00:00,,6.0165,,
2016-06-11 21:15:00,,6.04875,,
2016-06-11 21:30:00,,6.0511875,,
2016-06-11 21:45:00,,6.053625,,
2016-06-11 22:00:00,,6.0560625,,
2016-06-11 22:15:00,,6.0585,,
2016-06-11 22:30:00,,6.0434375000000005,,
2016-06-11 22:45:00,,6.0283750000000005,,
2016-06-11 23:00:00,,6.0133125,,
2016-06-11 23:15:00,,5.99825,,
2016-06-11 23:30:00,,6.059937499999999,,
2016-06-11 23:45:00,,6.121625,,
2016-06-12 00:00:00,,6.1833124999999995,,
2016-06-12 00:15:00,,6.244999999999999,,
2016-06-12 00:30:00,,6.137124999999999,,
2016-06-12 00:45:00,,6.029249999999999,,
2016-06-12 01:00:00,,5.921375,,
2016-06-12 01:15:00,,5.8135,,
2016-06-12 01:30:00,,5.46725,,
2016-06-12 01:45:00,,5.121,,
2016-06-12 02:00:00,,4.77475,,
2016-06-12 02:15:00,,4.4285,,
2016-06-12 02:30:00,,4.334,,
2016-06-12 02:45:00,,4.2395,,
2016-06-12 03:00:00,,4.1450000000000005,,
2016-06-12 03:15:00,,4.0505,,
2016-06-12 03:30:00,,3.9922500000000003,,
2016-06-12 03:45:00,,3.934,,
2016-06-12 04:00:00,,3.8757500000000005,,
2016-06-12 04:15:00,,3.8175000000000003,,
2016-06-12 04:30:00,,3.7890625,,
2016-06-12 04:45:00,,3.760625,,
2016-06-12 05:00:00,,3.7321875,,
2016-06-12 05:15:00,,3.70375,,
2016-06-12 05:30:00,,3.73825,,
2016-06-12 05:45:00,,3.7727499999999994,,
2016-06-12 06:00:00,,3.8072499999999994,,
2016-06-12 06:15:00,,3.8417499999999993,,
2016-06-12 06:30:00,,3.7976874999999994,,
2016-06-12 06:45:00,,3.7536249999999995,,
2016-06-12 07:00:00,,3.7095624999999997,,
2016-06-12 07:15:00,,3.6654999999999998,,
2016-06-12 07:30:00,,3.617625,,
2016-06-12 07:45:00,,3.56975,,
2016-06-12 08:00:00,,3.521875,,
2016-06-12 08:15:00,,3.474,,
2016-06-12 08:30:00,,3.383125,,
2016-06-12 08:45:00,,3.29225,,
2016-06-12 09:00:00,,3.201375,,
2016-06-12 09:15:00,,3.1105,,
2016-06-12 09:30:00,,3.296125,,
2016-06-12 09:45:00,,3.48175,,
2016-06-12 10:00:00,,3.667375,,
2016-06-12 10:15:00,,3.8529999999999998,,
2016-06-12 10:30:00,,3.93675,,
2016-06-12 10:45:00,,4.0205,,
2016-06-12 11:00:00,,4.1042499999999995,,
2016-06-12 11:15:00,,4.188,,
2016-06-12 11:30:00,,4.274,,
2016-06-12 11:45:00,,4.36,,
2016-06-12 12:00:00,,4.446000000000001,,
2016-06-12 12:15:00,,4.532000000000001,,
2016-06-12 12:30:00,,4.948625000000001,,
2016-06-12 12:45:00,,5.3652500000000005,,
2016-06-12 13:00:00,,5.781875,,
2016-06-12 13:15:00,,6.1985,,
2016-06-12 13:30:00,,6.254125,,
2016-06-12 13:45:00,,6.30975,,
2016-06-12 14:00:00,,6.365375,,
2016-06-12 14:15:00,,6.421,,
2016-06-12 14:30:00,,6.445,,
2016-06-12 14:45:00,,6.468999999999999,,
2016-06-12 15:00:00,,6.492999999999999,,
2016-06-12 15:15:00,,6.5169999999999995,,
2016-06-12 15:30:00,,6.5070625,,
2016-06-12 15:45:00,,6.497125,,
2016-06-12 16:00:00,,6.487187499999999,,
2016-06-12 16:15:00,,6.47725,,
2016-06-12 16:30:00,,6.0802499999999995,,
2016-06-12 16:45:00,,5.68325,,
2016-06-12 17:00:00,,5.286250000000001,,
2016-06-12 17:15:00,,4.8892500000000005,,
2016-06-12 17:30:00,,4.849875000000001,,
2016-06-12 17:45:00,,4.810500000000001,,
2016-06-12 18:00:00,,4.7711250000000005,,
2016-06-12 18:15:00,,4.731750000000001,,
2016-06-12 18:30:00,,4.6926250000000005,,
2016-06-12 18:45:00,,4.653500000000001,,
2016-06-12 19:00:00,,4.614375000000001,,
2016-06-12 19:15:00,,4.5752500000000005,,
2016-06-12 19:30:00,,4.570437500000001,,
2016-06-12 19:45:00,,4.565625000000001,,
2016-06-12 20:00:00,,4.5608125,,
2016-06-12 20:15:00,,4.556,,
2016-06-12 20:30:00,,4.5789375,,
2016-06-12 20:45:00,,4.601875,,
2016-06-12 21:00:00,,4.6248125,,
2016-06-12 21:15:00,,4.64775,,
2016-06-12 21:30:00,,4.66875,,
2016-06-12 21:45:00,,4.68975,,
2016-06-12 22:00:00,,4.710750000000001,,
2016-06-12 22:15:00,,4.731750000000001,,
2016-06-12 22:30:00,,4.811875000000001,,
2016-06-12 22:45:00,,4.892,,
2016-06-12 23:00:00,,4.972125,,
2016-06-12 23:15:00,,5.05225,,
2016-06-12 23:30:00,,5.1515,,
2016-06-12 23:45:00,,5.25075,,
2016-06-13 00:00:00,,5.35,,
2016-09-12 00:15:00,,,,5.6935
2016-09-12 00:30:00,,,,5.1865625
2016-09-12 00:45:00,,,,4.679625
2016-09-12 01:00:00,,,,4.1726875
2016-09-12 01:15:00,,,,3.66575
2016-09-12 01:30:00,,,,3.42875
2016-09-12 01:45:00,,,,3.19175
2016-09-12 02:00:00,,,,2.9547499999999998
2016-09-12 02:15:00,,,,2.7177499999999997
2016-09-12 02:30:00,,,,2.6835625
2016-09-12 02:45:00,,,,2.649375
2016-09-12 03:00:00,,,,2.6151874999999998
2016-09-12 03:15:00,,,,2.581
2016-09-12 03:30:00,,,,2.562875
2016-09-12 03:45:00,,,,2.5447499999999996
2016-09-12 04:00:00,,,,2.5266249999999997
2016-09-12 04:15:00,,,,2.5084999999999997
2016-09-12 04:30:00,,,,2.5011875
2016-09-12 04:45:00,,,,2.493875
2016-09-12 05:00:00,,,,2.4865625
2016-09-12 05:15:00,,,,2.47925
2016-09-12 05:30:00,,,,2.5400625
2016-09-12 05:45:00,,,,2.6008750000000003
2016-09-12 06:00:00,,,,2.6616875
2016-09-12 06:15:00,,,,2.7225
2016-09-12 06:30:00,,,,4.3675
2016-09-12 06:45:00,,,,6.012499999999999
2016-09-12 07:00:00,,,,7.657499999999999
2016-09-12 07:15:00,,,,9.302499999999998
2016-09-12 07:30:00,,,,12.181249999999999
2016-09-12 07:45:00,,,,15.06
2016-09-12 08:00:00,,,,17.938750000000002
2016-09-12 08:15:00,,,,20.817500000000003
2016-09-12 08:30:00,,,,20.48075
2016-09-12 08:45:00,,,,20.144
2016-09-12 09:00:00,,,,19.80725
2016-09-12 09:15:00,,,,19.470499999999998
2016-09-12 09:30:00,,,,21.024562499999995
2016-09-12 09:45:00,,,,22.578624999999995
2016-09-12 10:00:00,,,,24.132687499999996
2016-09-12 10:15:00,,,,25.686749999999993
2016-09-12 10:30:00,,,,26.634812499999995
2016-09-12 10:45:00,,,,27.582874999999994
2016-09-12 11:00:00,,,,28.530937499999997
2016-09-12 11:15:00,,,,29.479
2016-09-12 11:30:00,,,,30.6163125
2016-09-12 11:45:00,,,,31.753625
2016-09-12 12:00:00,,,,32.8909375
2016-09-12 12:15:00,,,,34.02825
2016-09-12 12:30:00,,,,34.331125
2016-09-12 12:45:00,,,,34.634
2016-09-12 13:00:00,,,,34.936875
2016-09-12 13:15:00,,,,35.23975
2016-09-12 13:30:00,,,,36.468625
2016-09-12 13:45:00,,,,37.697500000000005
2016-09-12 14:00:00,,,,38.926375
2016-09-12 14:15:00,,,,40.15525
2016-09-12 14:30:00,,,,39.9936875
2016-09-12 14:45:00,,,,39.832125000000005
2016-09-12 15:00:00,,,,39.6705625
2016-09-12 15:15:00,,,,39.509
2016-09-12 15:30:00,,,,39.1266875
2016-09-12 15:45:00,,,,38.744375
2016-09-12 16:00:00,,,,38.36206249999999
2016-09-12 16:15:00,,,,37.979749999999996
2016-09-12 16:30:00,,,,37.29025
2016-09-12 16:45:00,,,,36.60075
2016-09-12 17:00:00,,,,35.911249999999995
2016-09-12 17:15:00,,,,35.22175
2016-09-12 17:30:00,,,,35.184312500000004
2016-09-12 17:45:00,,,,35.146875
2016-09-12 18:00:00,,,,35.1094375
2016-09-12 18:15:00,,,,35.072
2016-09-12 18:30:00,,,,35.258625
2016-09-12 18:45:00,,,,35.44525
2016-09-12 19:00:00,,,,35.631875
2016-09-12 19:15:00,,,,35.8185
2016-09-12 19:30:00,,,,35.626625000000004
2016-09-12 19:45:00,,,,35.43475
2016-09-12 20:00:00,,,,35.242875
2016-09-12 20:15:00,,,,35.051
2016-09-12 20:30:00,,,,34.6255625
2016-09-12 20:45:00,,,,34.200125
2016-09-12 21:00:00,,,,33.7746875
2016-09-12 21:15:00,,,,33.34925
2016-09-12 21:30:00,,,,33.2978125
2016-09-12 21:45:00,,,,33.246375
2016-09-12 22:00:00,,,,33.194937499999995
2016-09-12 22:15:00,,,,33.143499999999996
2016-09-12 22:30:00,,,,29.835937499999996
2016-09-12 22:45:00,,,,26.528374999999997
2016-09-12 23:00:00,,,,23.220812499999997
2016-09-12 23:15:00,,,,19.913249999999998
2016-09-12 23:30:00,,,,16.6980625
2016-09-12 23:45:00,,,,13.482875
2016-09-13 00:00:00,,,,10.267687500000001
2016-09-13 00:15:00,,,,7.052500000000001
2016-09-13 00:30:00,,,,6.558437500000001
2016-09-13 00:45:00,,,,6.064375000000001
2016-09-13 01:00:00,,,,5.570312500000001
2016-09-13 01:15:00,,,,5.076250000000001
2016-09-13 01:30:00,,,,4.560500000000001
2016-09-13 01:45:00,,,,4.0447500000000005
2016-09-13 02:00:00,,,,3.5290000000000004
2016-09-13 02:15:00,,,,3.01325
2016-09-13 02:30:00,,,,2.97525
2016-09-13 02:45:00,,,,2.93725
2016-09-13 03:00:00,,,,2.8992500000000003
2016-09-13 03:15:00,,,,2.86125
2016-09-13 03:30:00,,,,2.8383125
2016-09-13 03:45:00,,,,2.815375
2016-09-13 04:00:00,,,,2.7924375
2016-09-13 04:15:00,,,,2.7695
2016-09-13 04:30:00,,,,2.7585625
2016-09-13 04:45:00,,,,2.7476249999999998
2016-09-13 05:00:00,,,,2.7366874999999995
2016-09-13 05:15:00,,,,2.7257499999999997
2016-09-13 05:30:00,,,,2.8279374999999995
2016-09-13 05:45:00,,,,2.9301249999999994
2016-09-13 06:00:00,,,,3.0323124999999997
2016-09-13 06:15:00,,,,3.1344999999999996
2016-09-13 06:30:00,,,,5.814125
2016-09-13 06:45:00,,,,8.49375
2016-09-13 07:00:00,,,,11.173375
2016-09-13 07:15:00,,,,13.853
2016-09-13 07:30:00,,,,19.576999999999998
2016-09-13 07:45:00,,,,25.300999999999995
2016-09-13 08:00:00,,,,31.025
2016-09-13 08:15:00,,,,36.748999999999995
2016-09-13 08:30:00,,,,38.468312499999996
2016-09-13 08:45:00,,,,40.187625
2016-09-13 09:00:00,,,,41.906937500000005
2016-09-13 09:15:00,,,,43.626250000000006
2016-09-13 09:30:00,,,,44.30556250000001
2016-09-13 09:45:00,,,,44.984875
2016-09-13 10:00:00,,,,45.6641875
2016-09-13 10:15:00,,,,46.3435
2016-09-13 10:30:00,,,,46.6635625
2016-09-13 10:45:00,,,,46.983624999999996
2016-09-13 11:00:00,,,,47.303687499999995
2016-09-13 11:15:00,,,,47.623749999999994
2016-09-13 11:30:00,,,,47.8438125
2016-09-13 11:45:00,,,,48.063874999999996
2016-09-13 12:00:00,,,,48.28393749999999
2016-09-13 12:15:00,,,,48.504
2016-09-13 12:30:00,,,,50.5966875
2016-09-13 12:45:00,,,,52.689375
2016-09-13 13:00:00,,,,54.782062499999995
2016-09-13 13:15:00,,,,56.87475
2016-09-13 13:30:00,,,,57.1549375
2016-09-13 13:45:00,,,,57.435125
2016-09-13 14:00:00,,,,57.715312499999996
2016-09-13 14:15:00,,,,57.9955
2016-09-13 14:30:00,,,,57.6113125
2016-09-13 14:45:00,,,,57.227125
2016-09-13 15:00:00,,,,56.8429375
2016-09-13 15:15:00,,,,56.458749999999995
2016-09-13 15:30:00,,,,56.030125
2016-09-13 15:45:00,,,,55.601499999999994
2016-09-13 16:00:00,,,,55.17287499999999
2016-09-13 16:15:00,,,,54.744249999999994
2016-09-13 16:30:00,,,,53.463499999999996
2016-09-13 16:45:00,,,,52.18275
2016-09-13 17:00:00,,,,50.902
2016-09-13 17:15:00,,,,49.62125
2016-09-13 17:30:00,,,,49.548500000000004
2016-09-13 17:45:00,,,,49.475750000000005
2016-09-13 18:00:00,,,,49.403
2016-09-13 18:15:00,,,,49.33025
2016-09-13 18:30:00,,,,49.495437499999994
2016-09-13 18:45:00,,,,49.660624999999996
2016-09-13 19:00:00,,,,49.8258125
2016-09-13 19:15:00,,,,49.99099999999999
2016-09-13 19:30:00,,,,49.918187499999995
2016-09-13 19:45:00,,,,49.84537499999999
2016-09-13 20:00:00,,,,49.77256249999999
2016-09-13 20:15:00,,,,49.699749999999995
2016-09-13 20:30:00,,,,47.957812499999996
2016-09-13 20:45:00,,,,46.215875
2016-09-13 21:00:00,,,,44.47393749999999
2016-09-13 21:15:00,,,,42.73199999999999
2016-09-13 21:30:00,,,,40.81462499999999
2016-09-13 21:45:00,,,,38.89725
2016-09-13 22:00:00,,,,36.979875
2016-09-13 22:15:00,,,,35.0625
2016-09-13 22:30:00,,,,32.349937499999996
2016-09-13 22:45:00,,,,29.637375
2016-09-13 23:00:00,,,,26.924812499999998
2016-09-13 23:15:00,,,,24.212249999999997
2016-09-13 23:30:00,,,,20.154124999999997
2016-09-13 23:45:00,,,,16.095999999999997
2016-09-14 00:00:00,,,,12.037875
2016-09-14 00:15:00,,,,7.979749999999999
2016-09-14 00:30:00,,,,7.864187499999999
2016-09-14 00:45:00,,,,7.748624999999999
2016-09-14 01:00:00,,,,7.633062499999999
2016-09-14 01:15:00,,,,7.517499999999999
2016-09-14 01:30:00,,,,6.3250625
2016-09-14 01:45:00,,,,5.132625
2016-09-14 02:00:00,,,,3.9401875000000004
2016-09-14 02:15:00,,,,2.7477500000000004
2016-09-14 02:30:00,,,,2.7130625000000004
2016-09-14 02:45:00,,,,2.678375
2016-09-14 03:00:00,,,,2.6436875
2016-09-14 03:15:00,,,,2.609
2016-09-14 03:30:00,,,,2.5880625
2016-09-14 03:45:00,,,,2.567125
2016-09-14 04:00:00,,,,2.5461875000000003
2016-09-14 04:15:00,,,,2.52525
2016-09-14 04:30:00,,,,2.5153125000000003
2016-09-14 04:45:00,,,,2.505375
2016-09-14 05:00:00,,,,2.4954375
2016-09-14 05:15:00,,,,2.4855
2016-09-14 05:30:00,,,,2.481625
2016-09-14 05:45:00,,,,2.4777500000000003
2016-09-14 06:00:00,,,,2.473875
2016-09-14 06:15:00,,,,2.47
2016-09-14 06:30:00,,,,4.4025
2016-09-14 06:45:00,,,,6.334999999999999
2016-09-14 07:00:00,,,,8.2675
2016-09-14 07:15:00,,,,10.2
2016-09-14 07:30:00,,,,14.639062499999998
2016-09-14 07:45:00,,,,19.078125
2016-09-14 08:00:00,,,,23.5171875
2016-09-14 08:15:00,,,,27.956249999999997
2016-09-14 08:30:00,,,,28.493499999999997
2016-09-14 08:45:00,,,,29.030749999999998
2016-09-14 09:00:00,,,,29.567999999999998
2016-09-14 09:15:00,,,,30.105249999999998
2016-09-14 09:30:00,,,,31.019875
2016-09-14 09:45:00,,,,31.934499999999996
2016-09-14 10:00:00,,,,32.849124999999994
2016-09-14 10:15:00,,,,33.763749999999995
2016-09-14 10:30:00,,,,34.1491875
2016-09-14 10:45:00,,,,34.534625
2016-09-14 11:00:00,,,,34.9200625
2016-09-14 11:15:00,,,,35.3055
2016-09-14 11:30:00,,,,36.1163125
2016-09-14 11:45:00,,,,36.927125000000004
2016-09-14 12:00:00,,,,37.7379375
2016-09-14 12:15:00,,,,38.54875
2016-09-14 12:30:00,,,,40.353125
2016-09-14 12:45:00,,,,42.1575
2016-09-14 13:00:00,,,,43.961875
2016-09-14 13:15:00,,,,45.76625
2016-09-14 13:30:00,,,,45.935125
2016-09-14 13:45:00,,,,46.104
2016-09-14 14:00:00,,,,46.272875
2016-09-14 14:15:00,,,,46.44175
2016-09-14 14:30:00,,,,46.28425
2016-09-14 14:45:00,,,,46.12675
2016-09-14 15:00:00,,,,45.969249999999995
2016-09-14 15:15:00,,,,45.811749999999996
2016-09-14 15:30:00,,,,47.5461875
2016-09-14 15:45:00,,,,49.280625
2016-09-14 16:00:00,,,,51.0150625
2016-09-14 16:15:00,,,,52.749500000000005
2016-09-14 16:30:00,,,,51.651
2016-09-14 16:45:00,,,,50.5525
2016-09-14 17:00:00,,,,49.454
2016-09-14 17:15:00,,,,48.3555
2016-09-14 17:30:00,,,,47.975562499999995
2016-09-14 17:45:00,,,,47.595625
2016-09-14 18:00:00,,,,47.2156875
2016-09-14 18:15:00,,,,46.83575
2016-09-14 18:30:00,,,,46.79175
2016-09-14 18:45:00,,,,46.747749999999996
2016-09-14 19:00:00,,,,46.70375
2016-09-14 19:15:00,,,,46.65975
2016-09-14 19:30:00,,,,46.9999375
2016-09-14 19:45:00,,,,47.340125
2016-09-14 20:00:00,,,,47.6803125
2016-09-14 20:15:00,,,,48.0205
2016-09-14 20:30:00,,,,47.6100625
2016-09-14 20:45:00,,,,47.199625
2016-09-14 21:00:00,,,,46.789187500000004
2016-09-14 21:15:00,,,,46.378750000000004
2016-09-14 21:30:00,,,,45.985937500000006
2016-09-14 21:45:00,,,,45.593125
2016-09-14 22:00:00,,,,45.2003125
2016-09-14 22:15:00,,,,44.807500000000005
2016-09-14 22:30:00,,,,41.498937500000004
2016-09-14 22:45:00,,,,38.190375
2016-09-14 23:00:00,,,,34.881812499999995
2016-09-14 23:15:00,,,,31.573249999999998
2016-09-14 23:30:00,,,,25.5065
2016-09-14 23:45:00,,,,19.43975
2016-09-15 00:00:00,,,,13.373000000000001
2016-09-15 00:15:00,,,,7.30625
2016-09-15 00:30:00,,,,7.1071875
2016-09-15 00:45:00,,,,6.908125
2016-09-15 01:00:00,,,,6.7090625
2016-09-15 01:15:00,,,,6.51
2016-09-15 01:30:00,,,,5.5691875
2016-09-15 01:45:00,,,,4.628375
2016-09-15 02:00:00,,,,3.6875625
2016-09-15 02:15:00,,,,2.74675
2016-09-15 02:30:00,,,,2.818625
2016-09-15 02:45:00,,,,2.8905
2016-09-15 03:00:00,,,,2.9623749999999998
2016-09-15 03:15:00,,,,3.0342499999999997
2016-09-15 03:30:00,,,,2.9067499999999997
2016-09-15 03:45:00,,,,2.77925
2016-09-15 04:00:00,,,,2.6517500000000003
2016-09-15 04:15:00,,,,2.5242500000000003
2016-09-15 04:30:00,,,,2.5144375000000005
2016-09-15 04:45:00,,,,2.5046250000000003
2016-09-15 05:00:00,,,,2.4948125
2016-09-15 05:15:00,,,,2.4850000000000003
2016-09-15 05:30:00,,,,2.4811250000000005
2016-09-15 05:45:00,,,,2.4772500000000006
2016-09-15 06:00:00,,,,2.4733750000000003
2016-09-15 06:15:00,,,,2.4695000000000005
2016-09-15 06:30:00,,,,5.679937500000001
2016-09-15 06:45:00,,,,8.890375
2016-09-15 07:00:00,,,,12.1008125
2016-09-15 07:15:00,,,,15.311250000000001
2016-09-15 07:30:00,,,,21.773625000000003
2016-09-15 07:45:00,,,,28.236
2016-09-15 08:00:00,,,,34.698375
2016-09-15 08:15:00,,,,41.16075
2016-09-15 08:30:00,,,,41.3784375
2016-09-15 08:45:00,,,,41.596124999999994
2016-09-15 09:00:00,,,,41.81381249999999
2016-09-15 09:15:00,,,,42.03149999999999
2016-09-15 09:30:00,,,,42.91156249999999
2016-09-15 09:45:00,,,,43.791624999999996
2016-09-15 10:00:00,,,,44.6716875
2016-09-15 10:15:00,,,,45.55175
2016-09-15 10:30:00,,,,46.6480625
2016-09-15 10:45:00,,,,47.744375000000005
2016-09-15 11:00:00,,,,48.8406875
2016-09-15 11:15:00,,,,49.937000000000005
2016-09-15 11:30:00,,,,50.340875000000004
2016-09-15 11:45:00,,,,50.744749999999996
2016-09-15 12:00:00,,,,51.148624999999996
2016-09-15 12:15:00,,,,51.552499999999995
2016-09-15 12:30:00,,,,52.656437499999996
2016-09-15 12:45:00,,,,53.760374999999996
2016-09-15 13:00:00,,,,54.864312500000004
2016-09-15 13:15:00,,,,55.968250000000005
2016-09-15 13:30:00,,,,55.7109375
2016-09-15 13:45:00,,,,55.453625
2016-09-15 14:00:00,,,,55.196312500000005
2016-09-15 14:15:00,,,,54.939
2016-09-15 14:30:00,,,,54.568937500000004
2016-09-15 14:45:00,,,,54.198875
2016-09-15 15:00:00,,,,53.8288125
2016-09-15 15:15:00,,,,53.45875
2016-09-15 15:30:00,,,,53.17125
2016-09-15 15:45:00,,,,52.883750000000006
2016-09-15 16:00:00,,,,52.596250000000005
2016-09-15 16:15:00,,,,52.30875
2016-09-15 16:30:00,,,,50.605875000000005
2016-09-15 16:45:00,,,,48.903000000000006
2016-09-15 17:00:00,,,,47.20012500000001
2016-09-15 17:15:00,,,,45.49725000000001
2016-09-15 17:30:00,,,,44.507312500000005
2016-09-15 17:45:00,,,,43.517375
2016-09-15 18:00:00,,,,42.527437500000005
2016-09-15 18:15:00,,,,41.5375
2016-09-15 18:30:00,,,,41.900687500000004
2016-09-15 18:45:00,,,,42.263875
2016-09-15 19:00:00,,,,42.627062499999994
2016-09-15 19:15:00,,,,42.990249999999996
2016-09-15 19:30:00,,,,44.3474375
2016-09-15 19:45:00,,,,45.70462499999999
2016-09-15 20:00:00,,,,47.061812499999995
2016-09-15 20:15:00,,,,48.419
2016-09-15 20:30:00,,,,48.517062499999994
2016-09-15 20:45:00,,,,48.615125
2016-09-15 21:00:00,,,,48.713187500000004
2016-09-15 21:15:00,,,,48.81125
2016-09-15 21:30:00,,,,48.7239375
2016-09-15 21:45:00,,,,48.636624999999995
2016-09-15 22:00:00,,,,48.5493125
2016-09-15 22:15:00,,,,48.461999999999996
2016-09-15 22:30:00,,,,44.238125
2016-09-15 22:45:00,,,,40.01425
2016-09-15 23:00:00,,,,35.790375
2016-09-15 23:15:00,,,,31.5665
2016-09-15 23:30:00,,,,25.5003125
2016-09-15 23:45:00,,,,19.434125
2016-09-16 00:00:00,,,,13.3679375
2016-09-16 00:15:00,,,,7.301750000000001
2016-09-16 00:30:00,,,,7.102625000000001
2016-09-16 00:45:00,,,,6.9035
2016-09-16 01:00:00,,,,6.704375
2016-09-16 01:15:00,,,,6.505249999999999
2016-09-16 01:30:00,,,,5.5791249999999994
2016-09-16 01:45:00,,,,4.653
2016-09-16 02:00:00,,,,3.7268749999999997
2016-09-16 02:15:00,,,,2.80075
2016-09-16 02:30:00,,,,2.7615625
2016-09-16 02:45:00,,,,2.722375
2016-09-16 03:00:00,,,,2.6831875
2016-09-16 03:15:00,,,,2.644
2016-09-16 03:30:00,,,,2.6199375000000003
2016-09-16 03:45:00,,,,2.5958750000000004
2016-09-16 04:00:00,,,,2.5718125
2016-09-16 04:15:00,,,,2.54775
2016-09-16 04:30:00,,,,2.5385
2016-09-16 04:45:00,,,,2.52925
2016-09-16 05:00:00,,,,2.52
2016-09-16 05:15:00,,,,2.51075
2016-09-16 05:30:00,,,,2.5081249999999997
2016-09-16 05:45:00,,,,2.5054999999999996
2016-09-16 06:00:00,,,,2.502875
2016-09-16 06:15:00,,,,2.50025
2016-09-16 06:30:00,,,,6.134875000000001
2016-09-16 06:45:00,,,,9.769500000000003
2016-09-16 07:00:00,,,,13.404125000000002
2016-09-16 07:15:00,,,,17.038750000000004
2016-09-16 07:30:00,,,,23.390812500000003
2016-09-16 07:45:00,,,,29.742875000000005
2016-09-16 08:00:00,,,,36.0949375
2016-09-16 08:15:00,,,,42.447
2016-09-16 08:30:00,,,,42.3451875
2016-09-16 08:45:00,,,,42.243375
2016-09-16 09:00:00,,,,42.1415625
2016-09-16 09:15:00,,,,42.03975
2016-09-16 09:30:00,,,,42.6005
2016-09-16 09:45:00,,,,43.161249999999995
2016-09-16 10:00:00,,,,43.722
2016-09-16 10:15:00,,,,44.28275
2016-09-16 10:30:00,,,,45.6805625
2016-09-16 10:45:00,,,,47.078375
2016-09-16 11:00:00,,,,48.4761875
2016-09-16 11:15:00,,,,49.874
2016-09-16 11:30:00,,,,49.9833125
2016-09-16 11:45:00,,,,50.092625
2016-09-16 12:00:00,,,,50.2019375
2016-09-16 12:15:00,,,,50.311249999999994
2016-09-16 12:30:00,,,,48.946749999999994
2016-09-16 12:45:00,,,,47.582249999999995
2016-09-16 13:00:00,,,,46.217749999999995
2016-09-16 13:15:00,,,,44.853249999999996
2016-09-16 13:30:00,,,,44.919875
2016-09-16 13:45:00,,,,44.9865
2016-09-16 14:00:00,,,,45.053125
2016-09-16 14:15:00,,,,45.11975
2016-09-16 14:30:00,,,,44.75475
2016-09-16 14:45:00,,,,44.38975
2016-09-16 15:00:00,,,,44.02475
2016-09-16 15:15:00,,,,43.659749999999995
2016-09-16 15:30:00,,,,43.56281249999999
2016-09-16 15:45:00,,,,43.465875
2016-09-16 16:00:00,,,,43.3689375
2016-09-16 16:15:00,,,,43.272
2016-09-16 16:30:00,,,,42.3305625
2016-09-16 16:45:00,,,,41.38912499999999
2016-09-16 17:00:00,,,,40.447687499999994
2016-09-16 17:15:00,,,,39.506249999999994
2016-09-16 17:30:00,,,,41.2146875
2016-09-16 17:45:00,,,,42.923125
2016-09-16 18:00:00,,,,44.631562499999994
2016-09-16 18:15:00,,,,46.339999999999996
2016-09-16 18:30:00,,,,45.971
2016-09-16 18:45:00,,,,45.602
2016-09-16 19:00:00,,,,45.233
2016-09-16 19:15:00,,,,44.864
2016-09-16 19:30:00,,,,45.1376875
2016-09-16 19:45:00,,,,45.411375
2016-09-16 20:00:00,,,,45.6850625
2016-09-16 20:15:00,,,,45.95875
2016-09-16 20:30:00,,,,46.2129375
2016-09-16 20:45:00,,,,46.467125
2016-09-16 21:00:00,,,,46.7213125
2016-09-16 21:15:00,,,,46.975500000000004
2016-09-16 21:30:00,,,,46.559125
2016-09-16 21:45:00,,,,46.14275000000001
2016-09-16 22:00:00,,,,45.726375000000004
2016-09-16 22:15:00,,,,45.31
2016-09-16 22:30:00,,,,40.43025
2016-09-16 22:45:00,,,,35.5505
2016-09-16 23:00:00,,,,30.67075
2016-09-16 23:15:00,,,,25.791
2016-09-16 23:30:00,,,,21.275875
2016-09-16 23:45:00,,,,16.76075
2016-09-17 00:00:00,,,,12.245625
2016-09-17 00:15:00,,,,7.7305
2016-09-17 00:30:00,,,,7.5530625
2016-09-17 00:45:00,,,,7.375625
2016-09-17 01:00:00,,,,7.1981875
2016-09-17 01:15:00,,,,7.0207500000000005
2016-09-17 01:30:00,,,,6.115875000000001
2016-09-17 01:45:00,,,,5.211
2016-09-17 02:00:00,,,,4.306125
2016-09-17 02:15:00,,,,3.40125
2016-09-17 02:30:00,,,,3.3394375
2016-09-17 02:45:00,,,,3.277625
2016-09-17 03:00:00,,,,3.2158125
2016-09-17 03:15:00,,,,3.154
2016-09-17 03:30:00,,,,3.1796249999999997
2016-09-17 03:45:00,,,,3.20525
2016-09-17 04:00:00,,,,3.230875
2016-09-17 04:15:00,,,,3.2565
2016-09-17 04:30:00,,,,3.1758125
2016-09-17 04:45:00,,,,3.095125
2016-09-17 05:00:00,,,,3.0144374999999997
2016-09-17 05:15:00,,,,2.93375
2016-09-17 05:30:00,,,,2.9223749999999997
2016-09-17 05:45:00,,,,2.9109999999999996
2016-09-17 06:00:00,,,,2.899625
2016-09-17 06:15:00,,,,2.8882499999999998
2016-09-17 06:30:00,,,,2.8949999999999996
2016-09-17 06:45:00,,,,2.90175
2016-09-17 07:00:00,,,,2.9085
2016-09-17 07:15:00,,,,2.91525
2016-09-17 07:30:00,,,,2.9459999999999997
2016-09-17 07:45:00,,,,2.97675
2016-09-17 08:00:00,,,,3.0075000000000003
2016-09-17 08:15:00,,,,3.03825
2016-09-17 08:30:00,,,,3.0532500000000002
2016-09-17 08:45:00,,,,3.06825
2016-09-17 09:00:00,,,,3.0832499999999996
2016-09-17 09:15:00,,,,3.0982499999999997
2016-09-17 09:30:00,,,,3.217625
2016-09-17 09:45:00,,,,3.3369999999999997
2016-09-17 10:00:00,,,,3.456375
2016-09-17 10:15:00,,,,3.57575
2016-09-17 10:30:00,,,,3.7033750000000003
2016-09-17 10:45:00,,,,3.831
2016-09-17 11:00:00,,,,3.9586249999999996
2016-09-17 11:15:00,,,,4.08625
2016-09-17 11:30:00,,,,4.2300625
2016-09-17 11:45:00,,,,4.373875
2016-09-17 12:00:00,,,,4.5176875
2016-09-17 12:15:00,,,,4.6615
2016-09-17 12:30:00,,,,5.020625
2016-09-17 12:45:00,,,,5.37975
2016-09-17 13:00:00,,,,5.738875
2016-09-17 13:15:00,,,,6.098
2016-09-17 13:30:00,,,,6.1373750000000005
2016-09-17 13:45:00,,,,6.17675
2016-09-17 14:00:00,,,,6.216125
2016-09-17 14:15:00,,,,6.2555000000000005
2016-09-17 14:30:00,,,,6.230625
2016-09-17 14:45:00,,,,6.20575
2016-09-17 15:00:00,,,,6.180875
2016-09-17 15:15:00,,,,6.156
2016-09-17 15:30:00,,,,6.0444375
2016-09-17 15:45:00,,,,5.932874999999999
2016-09-17 16:00:00,,,,5.8213124999999994
2016-09-17 16:15:00,,,,5.70975
2016-09-17 16:30:00,,,,5.387625
2016-09-17 16:45:00,,,,5.0655
2016-09-17 17:00:00,,,,4.7433749999999995
2016-09-17 17:15:00,,,,4.42125
2016-09-17 17:30:00,,,,4.397499999999999
2016-09-17 17:45:00,,,,4.373749999999999
2016-09-17 18:00:00,,,,4.35
2016-09-17 18:15:00,,,,4.326249999999999
2016-09-17 18:30:00,,,,4.346874999999999
2016-09-17 18:45:00,,,,4.3675
2016-09-17 19:00:00,,,,4.3881250000000005
2016-09-17 19:15:00,,,,4.40875
2016-09-17 19:30:00,,,,4.4197500000000005
2016-09-17 19:45:00,,,,4.43075
2016-09-17 20:00:00,,,,4.44175
2016-09-17 20:15:00,,,,4.45275
2016-09-17 20:30:00,,,,4.485125
2016-09-17 20:45:00,,,,4.5175
2016-09-17 21:00:00,,,,4.549875
2016-09-17 21:15:00,,,,4.58225
2016-09-17 21:30:00,,,,4.7189375
2016-09-17 21:45:00,,,,4.855625
2016-09-17 22:00:00,,,,4.9923125
2016-09-17 22:15:00,,,,5.129
2016-09-17 22:30:00,,,,5.118625
2016-09-17 22:45:00,,,,5.10825
2016-09-17 23:00:00,,,,5.097874999999999
2016-09-17 23:15:00,,,,5.0874999999999995
2016-09-17 23:30:00,,,,4.984187499999999
2016-09-17 23:45:00,,,,4.880875
2016-09-18 00:00:00,,,,4.7775625
2016-09-18 00:15:00,,,,4.67425
2016-09-18 00:30:00,,,,4.582625
2016-09-18 00:45:00,,,,4.491
2016-09-18 01:00:00,,,,4.399374999999999
2016-09-18 01:15:00,,,,4.3077499999999995
2016-09-18 01:30:00,,,,4.047312499999999
2016-09-18 01:45:00,,,,3.7868749999999998
2016-09-18 02:00:00,,,,3.5264375
2016-09-18 02:15:00,,,,3.266
2016-09-18 02:30:00,,,,3.200125
2016-09-18 02:45:00,,,,3.1342499999999998
2016-09-18 03:00:00,,,,3.0683749999999996
2016-09-18 03:15:00,,,,3.0024999999999995
2016-09-18 03:30:00,,,,2.9663749999999998
2016-09-18 03:45:00,,,,2.93025
2016-09-18 04:00:00,,,,2.894125
2016-09-18 04:15:00,,,,2.858
2016-09-18 04:30:00,,,,2.84175
2016-09-18 04:45:00,,,,2.8255
2016-09-18 05:00:00,,,,2.8092499999999996
2016-09-18 05:15:00,,,,2.7929999999999997
2016-09-18 05:30:00,,,,2.8453749999999998
2016-09-18 05:45:00,,,,2.89775
2016-09-18 06:00:00,,,,2.950125
2016-09-18 06:15:00,,,,3.0025
2016-09-18 06:30:00,,,,2.9433125
2016-09-18 06:45:00,,,,2.884125
2016-09-18 07:00:00,,,,2.8249375
2016-09-18 07:15:00,,,,2.76575
2016-09-18 07:30:00,,,,2.7811875
2016-09-18 07:45:00,,,,2.796625
2016-09-18 08:00:00,,,,2.8120625
2016-09-18 08:15:00,,,,2.8275
2016-09-18 08:30:00,,,,2.809875
2016-09-18 08:45:00,,,,2.79225
2016-09-18 09:00:00,,,,2.774625
2016-09-18 09:15:00,,,,2.7569999999999997
2016-09-18 09:30:00,,,,2.8008124999999997
2016-09-18 09:45:00,,,,2.8446249999999997
2016-09-18 10:00:00,,,,2.8884374999999998
2016-09-18 10:15:00,,,,2.93225
2016-09-18 10:30:00,,,,2.9818124999999998
2016-09-18 10:45:00,,,,3.0313749999999997
2016-09-18 11:00:00,,,,3.0809375
2016-09-18 11:15:00,,,,3.1305
2016-09-18 11:30:00,,,,3.1946875
2016-09-18 11:45:00,,,,3.2588749999999997
2016-09-18 12:00:00,,,,3.3230625
2016-09-18 12:15:00,,,,3.38725
2016-09-18 12:30:00,,,,3.6540624999999998
2016-09-18 12:45:00,,,,3.9208749999999997
2016-09-18 13:00:00,,,,4.187687499999999
2016-09-18 13:15:00,,,,4.4544999999999995
2016-09-18 13:30:00,,,,4.496124999999999
2016-09-18 13:45:00,,,,4.537749999999999
2016-09-18 14:00:00,,,,4.579375
2016-09-18 14:15:00,,,,4.6209999999999996
2016-09-18 14:30:00,,,,4.6320625
2016-09-18 14:45:00,,,,4.6431249999999995
2016-09-18 15:00:00,,,,4.654187499999999
2016-09-18 15:15:00,,,,4.6652499999999995
2016-09-18 15:30:00,,,,4.654125
2016-09-18 15:45:00,,,,4.643
2016-09-18 16:00:00,,,,4.631875
2016-09-18 16:15:00,,,,4.62075
2016-09-18 16:30:00,,,,4.3704375
2016-09-18 16:45:00,,,,4.120125
2016-09-18 17:00:00,,,,3.8698125
2016-09-18 17:15:00,,,,3.6195
2016-09-18 17:30:00,,,,3.592
2016-09-18 17:45:00,,,,3.5645
2016-09-18 18:00:00,,,,3.537
2016-09-18 18:15:00,,,,3.5095
2016-09-18 18:30:00,,,,3.481375
2016-09-18 18:45:00,,,,3.45325
2016-09-18 19:00:00,,,,3.4251250000000004
2016-09-18 19:15:00,,,,3.3970000000000002
2016-09-18 19:30:00,,,,3.3927500000000004
2016-09-18 19:45:00,,,,3.3885
2016-09-18 20:00:00,,,,3.3842499999999998
2016-09-18 20:15:00,,,,3.38
2016-09-18 20:30:00,,,,3.404
2016-09-18 20:45:00,,,,3.428
2016-09-18 21:00:00,,,,3.452
2016-09-18 21:15:00,,,,3.476
2016-09-18 21:30:00,,,,3.6176874999999997
2016-09-18 21:45:00,,,,3.759375
2016-09-18 22:00:00,,,,3.9010625
2016-09-18 22:15:00,,,,4.04275
2016-09-18 22:30:00,,,,4.097125
2016-09-18 22:45:00,,,,4.1515
2016-09-18 23:00:00,,,,4.205875
2016-09-18 23:15:00,,,,4.26025
2016-09-18 23:30:00,,,,4.192875
2016-09-18 23:45:00,,,,4.125500000000001
2016-09-19 00:00:00,,,,4.058125
2016-12-05 00:15:00,3.506,,,
2016-12-05 00:30:00,3.1638124999999997,,,
2016-12-05 00:45:00,2.821625,,,
2016-12-05 01:00:00,2.4794375,,,
2016-12-05 01:15:00,2.13725,,,
2016-12-05 01:30:00,2.1216875,,,
2016-12-05 01:45:00,2.106125,,,
2016-12-05 02:00:00,2.0905625,,,
2016-12-05 02:15:00,2.075,,,
2016-12-05 02:30:00,2.0656250000000003,,,
2016-12-05 02:45:00,2.0562500000000004,,,
2016-12-05 03:00:00,2.046875,,,
2016-12-05 03:15:00,2.0375,,,
2016-12-05 03:30:00,2.0490625000000002,,,
2016-12-05 03:45:00,2.060625,,,
2016-12-05 04:00:00,2.0721875,,,
2016-12-05 04:15:00,2.08375,,,
2016-12-05 04:30:00,2.13225,,,
2016-12-05 04:45:00,2.18075,,,
2016-12-05 05:00:00,2.2292500000000004,,,
2016-12-05 05:15:00,2.27775,,,
2016-12-05 05:30:00,3.2943125,,,
2016-12-05 05:45:00,4.310875,,,
2016-12-05 06:00:00,5.3274375,,,
2016-12-05 06:15:00,6.344,,,
2016-12-05 06:30:00,8.7866875,,,
2016-12-05 06:45:00,11.229375000000001,,,
2016-12-05 07:00:00,13.6720625,,,
2016-12-05 07:15:00,16.11475,,,
2016-12-05 07:30:00,16.2928125,,,
2016-12-05 07:45:00,16.470875,,,
2016-12-05 08:00:00,16.6489375,,,
2016-12-05 08:15:00,16.826999999999998,,,
2016-12-05 08:30:00,18.104499999999998,,,
2016-12-05 08:45:00,19.381999999999998,,,
2016-12-05 09:00:00,20.6595,,,
2016-12-05 09:15:00,21.937,,,
2016-12-05 09:30:00,22.3585625,,,
2016-12-05 09:45:00,22.780124999999998,,,
2016-12-05 10:00:00,23.2016875,,,
2016-12-05 10:15:00,23.62325,,,
2016-12-05 10:30:00,24.101875,,,
2016-12-05 10:45:00,24.5805,,,
2016-12-05 11:00:00,25.059125,,,
2016-12-05 11:15:00,25.537750000000003,,,
2016-12-05 11:30:00,25.487625,,,
2016-12-05 11:45:00,25.4375,,,
2016-12-05 12:00:00,25.387375,,,
2016-12-05 12:15:00,25.337249999999997,,,
2016-12-05 12:30:00,25.4823125,,,
2016-12-05 12:45:00,25.627374999999997,,,
2016-12-05 13:00:00,25.772437499999995,,,
2016-12-05 13:15:00,25.917499999999997,,,
2016-12-05 13:30:00,25.491874999999997,,,
2016-12-05 13:45:00,25.066249999999997,,,
2016-12-05 14:00:00,24.640625,,,
2016-12-05 14:15:00,24.215,,,
2016-12-05 14:30:00,24.6729375,,,
2016-12-05 14:45:00,25.130875,,,
2016-12-05 15:00:00,25.5888125,,,
2016-12-05 15:15:00,26.04675,,,
2016-12-05 15:30:00,25.39375,,,
2016-12-05 15:45:00,24.74075,,,
2016-12-05 16:00:00,24.08775,,,
2016-12-05 16:15:00,23.43475,,,
2016-12-05 16:30:00,23.6713125,,,
2016-12-05 16:45:00,23.907875,,,
2016-12-05 17:00:00,24.144437500000002,,,
2016-12-05 17:15:00,24.381,,,
2016-12-05 17:30:00,24.9645,,,
2016-12-05 17:45:00,25.548000000000002,,,
2016-12-05 18:00:00,26.1315,,,
2016-12-05 18:15:00,26.715,,,
2016-12-05 18:30:00,26.5923125,,,
2016-12-05 18:45:00,26.469625,,,
2016-12-05 19:00:00,26.346937500000003,,,
2016-12-05 19:15:00,26.22425,,,
2016-12-05 19:30:00,25.9610625,,,
2016-12-05 19:45:00,25.697875000000003,,,
2016-12-05 20:00:00,25.434687500000003,,,
2016-12-05 20:15:00,25.1715,,,
2016-12-05 20:30:00,24.965187500000003,,,
2016-12-05 20:45:00,24.758875000000003,,,
2016-12-05 21:00:00,24.5525625,,,
2016-12-05 21:15:00,24.34625,,,
2016-12-05 21:30:00,22.415750000000003,,,
2016-12-05 21:45:00,20.48525,,,
2016-12-05 22:00:00,18.55475,,,
2016-12-05 22:15:00,16.62425,,,
2016-12-05 22:30:00,14.314125,,,
2016-12-05 22:45:00,12.004000000000001,,,
2016-12-05 23:00:00,9.693875,,,
2016-12-05 23:15:00,7.383750000000001,,,
2016-12-05 23:30:00,7.144625000000001,,,
2016-12-05 23:45:00,6.905500000000001,,,
2016-12-06 00:00:00,6.666375,,,
2016-12-06 00:15:00,6.427250000000001,,,
2016-12-06 00:30:00,5.560812500000001,,,
2016-12-06 00:45:00,4.694375000000001,,,
2016-12-06 01:00:00,3.8279375,,,
2016-12-06 01:15:00,2.9615,,,
2016-12-06 01:30:00,2.93725,,,
2016-12-06 01:45:00,2.9130000000000003,,,
2016-12-06 02:00:00,2.88875,,,
2016-12-06 02:15:00,2.8645,,,
2016-12-06 02:30:00,2.8798125,,,
2016-12-06 02:45:00,2.895125,,,
2016-12-06 03:00:00,2.9104375,,,
2016-12-06 03:15:00,2.92575,,,
2016-12-06 03:30:00,2.9351874999999996,,,
2016-12-06 03:45:00,2.944625,,,
2016-12-06 04:00:00,2.9540625,,,
2016-12-06 04:15:00,2.9635,,,
2016-12-06 04:30:00,2.976375,,,
2016-12-06 04:45:00,2.9892499999999997,,,
2016-12-06 05:00:00,3.0021249999999995,,,
2016-12-06 05:15:00,3.0149999999999997,,,
2016-12-06 05:30:00,4.4651875,,,
2016-12-06 05:45:00,5.915374999999999,,,
2016-12-06 06:00:00,7.365562499999999,,,
2016-12-06 06:15:00,8.81575,,,
2016-12-06 06:30:00,11.3146875,,,
2016-12-06 06:45:00,13.813624999999998,,,
2016-12-06 07:00:00,16.3125625,,,
2016-12-06 07:15:00,18.8115,,,
2016-12-06 07:30:00,18.664812499999996,,,
2016-12-06 07:45:00,18.518124999999998,,,
2016-12-06 08:00:00,18.3714375,,,
2016-12-06 08:15:00,18.224749999999997,,,
2016-12-06 08:30:00,19.589875,,,
2016-12-06 08:45:00,20.955,,,
2016-12-06 09:00:00,22.320124999999997,,,
2016-12-06 09:15:00,23.68525,,,
2016-12-06 09:30:00,23.7753125,,,
2016-12-06 09:45:00,23.865375,,,
2016-12-06 10:00:00,23.955437500000002,,,
2016-12-06 10:15:00,24.0455,,,
2016-12-06 10:30:00,23.7029375,,,
2016-12-06 10:45:00,23.360375,,,
2016-12-06 11:00:00,23.0178125,,,
2016-12-06 11:15:00,22.675250000000002,,,
2016-12-06 11:30:00,22.7455,,,
2016-12-06 11:45:00,22.81575,,,
2016-12-06 12:00:00,22.886000000000003,,,
2016-12-06 12:15:00,22.95625,,,
2016-12-06 12:30:00,22.8419375,,,
2016-12-06 12:45:00,22.727625000000003,,,
2016-12-06 13:00:00,22.613312500000003,,,
2016-12-06 13:15:00,22.499000000000002,,,
2016-12-06 13:30:00,22.2935,,,
2016-12-06 13:45:00,22.088,,,
2016-12-06 14:00:00,21.8825,,,
2016-12-06 14:15:00,21.677,,,
2016-12-06 14:30:00,21.407625,,,
2016-12-06 14:45:00,21.13825,,,
2016-12-06 15:00:00,20.868875000000003,,,
2016-12-06 15:15:00,20.599500000000003,,,
2016-12-06 15:30:00,20.598750000000003,,,
2016-12-06 15:45:00,20.598000000000003,,,
2016-12-06 16:00:00,20.597250000000003,,,
2016-12-06 16:15:00,20.596500000000002,,,
2016-12-06 16:30:00,21.847625,,,
2016-12-06 16:45:00,23.098750000000003,,,
2016-12-06 17:00:00,24.349875,,,
2016-12-06 17:15:00,25.601,,,
2016-12-06 17:30:00,25.380375,,,
2016-12-06 17:45:00,25.159750000000003,,,
2016-12-06 18:00:00,24.939125,,,
2016-12-06 18:15:00,24.718500000000002,,,
2016-12-06 18:30:00,24.818562500000002,,,
2016-12-06 18:45:00,24.918625,,,
2016-12-06 19:00:00,25.0186875,,,
2016-12-06 19:15:00,25.11875,,,
2016-12-06 19:30:00,24.8105625,,,
2016-12-06 19:45:00,24.502375,,,
2016-12-06 20:00:00,24.194187499999998,,,
2016-12-06 20:15:00,23.886,,,
2016-12-06 20:30:00,24.049,,,
2016-12-06 20:45:00,24.211999999999996,,,
2016-12-06 21:00:00,24.374999999999996,,,
2016-12-06 21:15:00,24.537999999999997,,,
2016-12-06 21:30:00,22.369687499999998,,,
2016-12-06 21:45:00,20.201375,,,
2016-12-06 22:00:00,18.0330625,,,
2016-12-06 22:15:00,15.864750000000003,,,
2016-12-06 22:30:00,13.671375000000001,,,
2016-12-06 22:45:00,11.478000000000002,,,
2016-12-06 23:00:00,9.284625000000002,,,
2016-12-06 23:15:00,7.09125,,,
2016-12-06 23:30:00,6.888812499999999,,,
2016-12-06 23:45:00,6.686375,,,
2016-12-07 00:00:00,6.4839375,,,
2016-12-07 00:15:00,6.281499999999999,,,
2016-12-07 00:30:00,5.3625,,,
2016-12-07 00:45:00,4.4435,,,
2016-12-07 01:00:00,3.5244999999999997,,,
2016-12-07 01:15:00,2.6055,,,
2016-12-07 01:30:00,2.573875,,,
2016-12-07 01:45:00,2.54225,,,
2016-12-07 02:00:00,2.510625,,,
2016-12-07 02:15:00,2.479,,,
2016-12-07 02:30:00,2.468875,,,
2016-12-07 02:45:00,2.45875,,,
2016-12-07 03:00:00,2.4486250000000003,,,
2016-12-07 03:15:00,2.4385000000000003,,,
2016-12-07 03:30:00,2.4394375000000004,,,
2016-12-07 03:45:00,2.4403750000000004,,,
2016-12-07 04:00:00,2.4413125,,,
2016-12-07 04:15:00,2.44225,,,
2016-12-07 04:30:00,2.4284375000000002,,,
2016-12-07 04:45:00,2.414625,,,
2016-12-07 05:00:00,2.4008125,,,
2016-12-07 05:15:00,2.387,,,
2016-12-07 05:30:00,3.8483125,,,
2016-12-07 05:45:00,5.3096250000000005,,,
2016-12-07 06:00:00,6.7709375000000005,,,
2016-12-07 06:15:00,8.23225,,,
2016-12-07 06:30:00,10.615187500000001,,,
2016-12-07 06:45:00,12.998125000000002,,,
2016-12-07 07:00:00,15.381062500000002,,,
2016-12-07 07:15:00,17.764000000000003,,,
2016-12-07 07:30:00,17.562625000000004,,,
2016-12-07 07:45:00,17.361250000000002,,,
2016-12-07 08:00:00,17.159875,,,
2016-12-07 08:15:00,16.9585,,,
2016-12-07 08:30:00,17.601625,,,
2016-12-07 08:45:00,18.24475,,,
2016-12-07 09:00:00,18.887875,,,
2016-12-07 09:15:00,19.531,,,
2016-12-07 09:30:00,20.3230625,,,
2016-12-07 09:45:00,21.115125,,,
2016-12-07 10:00:00,21.9071875,,,
2016-12-07 10:15:00,22.69925,,,
2016-12-07 10:30:00,23.0964375,,,
2016-12-07 10:45:00,23.493625,,,
2016-12-07 11:00:00,23.8908125,,,
2016-12-07 11:15:00,24.288,,,
2016-12-07 11:30:00,24.19825,,,
2016-12-07 11:45:00,24.1085,,,
2016-12-07 12:00:00,24.01875,,,
2016-12-07 12:15:00,23.929000000000002,,,
2016-12-07 12:30:00,24.109125000000002,,,
2016-12-07 12:45:00,24.289250000000003,,,
2016-12-07 13:00:00,24.469375000000003,,,
2016-12-07 13:15:00,24.649500000000003,,,
2016-12-07 13:30:00,24.524875,,,
2016-12-07 13:45:00,24.400250000000003,,,
2016-12-07 14:00:00,24.275625000000005,,,
2016-12-07 14:15:00,24.151000000000003,,,
2016-12-07 14:30:00,24.654812500000002,,,
2016-12-07 14:45:00,25.158625,,,
2016-12-07 15:00:00,25.662437500000003,,,
2016-12-07 15:15:00,26.16625,,,
2016-12-07 15:30:00,26.420437500000002,,,
2016-12-07 15:45:00,26.674625,,,
2016-12-07 16:00:00,26.9288125,,,
2016-12-07 16:15:00,27.183,,,
2016-12-07 16:30:00,27.358125,,,
2016-12-07 16:45:00,27.533250000000002,,,
2016-12-07 17:00:00,27.708375,,,
2016-12-07 17:15:00,27.8835,,,
2016-12-07 17:30:00,28.501375000000003,,,
2016-12-07 17:45:00,29.11925,,,
2016-12-07 18:00:00,29.737125,,,
2016-12-07 18:15:00,30.355,,,
2016-12-07 18:30:00,29.6881875,,,
2016-12-07 18:45:00,29.021375000000003,,,
2016-12-07 19:00:00,28.354562500000004,,,
2016-12-07 19:15:00,27.687750000000005,,,
2016-12-07 19:30:00,27.591937500000004,,,
2016-12-07 19:45:00,27.496125000000003,,,
2016-12-07 20:00:00,27.400312500000002,,,
2016-12-07 20:15:00,27.3045,,,
2016-12-07 20:30:00,27.0073125,,,
2016-12-07 20:45:00,26.710124999999998,,,
2016-12-07 21:00:00,26.412937499999998,,,
2016-12-07 21:15:00,26.11575,,,
2016-12-07 21:30:00,23.73825,,,
2016-12-07 21:45:00,21.36075,,,
2016-12-07 22:00:00,18.983249999999998,,,
2016-12-07 22:15:00,16.60575,,,
2016-12-07 22:30:00,14.254875,,,
2016-12-07 22:45:00,11.904,,,
2016-12-07 23:00:00,9.553125000000001,,,
2016-12-07 23:15:00,7.202250000000001,,,
2016-12-07 23:30:00,7.032437500000001,,,
2016-12-07 23:45:00,6.862625000000001,,,
2016-12-08 00:00:00,6.6928125000000005,,,
2016-12-08 00:15:00,6.523000000000001,,,
2016-12-08 00:30:00,5.525125000000001,,,
2016-12-08 00:45:00,4.52725,,,
2016-12-08 01:00:00,3.5293750000000004,,,
2016-12-08 01:15:00,2.5315000000000003,,,
2016-12-08 01:30:00,2.4897500000000004,,,
2016-12-08 01:45:00,2.4480000000000004,,,
2016-12-08 02:00:00,2.40625,,,
2016-12-08 02:15:00,2.3645,,,
2016-12-08 02:30:00,2.383375,,,
2016-12-08 02:45:00,2.40225,,,
2016-12-08 03:00:00,2.421125,,,
2016-12-08 03:15:00,2.44,,,
2016-12-08 03:30:00,2.4611875,,,
2016-12-08 03:45:00,2.482375,,,
2016-12-08 04:00:00,2.5035625,,,
2016-12-08 04:15:00,2.52475,,,
2016-12-08 04:30:00,2.5643125,,,
2016-12-08 04:45:00,2.6038750000000004,,,
2016-12-08 05:00:00,2.6434375,,,
2016-12-08 05:15:00,2.6830000000000003,,,
2016-12-08 05:30:00,4.13575,,,
2016-12-08 05:45:00,5.5885,,,
2016-12-08 06:00:00,7.04125,,,
2016-12-08 06:15:00,8.494,,,
2016-12-08 06:30:00,11.391937500000001,,,
2016-12-08 06:45:00,14.289875,,,
2016-12-08 07:00:00,17.1878125,,,
2016-12-08 07:15:00,20.08575,,,
2016-12-08 07:30:00,21.2521875,,,
2016-12-08 07:45:00,22.418625,,,
2016-12-08 08:00:00,23.5850625,,,
2016-12-08 08:15:00,24.7515,,,
2016-12-08 08:30:00,27.6905,,,
2016-12-08 08:45:00,30.6295,,,
2016-12-08 09:00:00,33.5685,,,
2016-12-08 09:15:00,36.5075,,,
2016-12-08 09:30:00,36.8510625,,,
2016-12-08 09:45:00,37.194625,,,
2016-12-08 10:00:00,37.5381875,,,
2016-12-08 10:15:00,37.88175,,,
2016-12-08 10:30:00,38.107749999999996,,,
2016-12-08 10:45:00,38.333749999999995,,,
2016-12-08 11:00:00,38.55975,,,
2016-12-08 11:15:00,38.78575,,,
2016-12-08 11:30:00,38.721312499999996,,,
2016-12-08 11:45:00,38.656875,,,
2016-12-08 12:00:00,38.592437499999996,,,
2016-12-08 12:15:00,38.52799999999999,,,
2016-12-08 12:30:00,38.67787499999999,,,
2016-12-08 12:45:00,38.827749999999995,,,
2016-12-08 13:00:00,38.977624999999996,,,
2016-12-08 13:15:00,39.1275,,,
2016-12-08 13:30:00,38.9856875,,,
2016-12-08 13:45:00,38.843875,,,
2016-12-08 14:00:00,38.702062500000004,,,
2016-12-08 14:15:00,38.56025,,,
2016-12-08 14:30:00,38.290937500000005,,,
2016-12-08 14:45:00,38.021625,,,
2016-12-08 15:00:00,37.7523125,,,
2016-12-08 15:15:00,37.483000000000004,,,
2016-12-08 15:30:00,37.538000000000004,,,
2016-12-08 15:45:00,37.593,,,
2016-12-08 16:00:00,37.647999999999996,,,
2016-12-08 16:15:00,37.702999999999996,,,
2016-12-08 16:30:00,37.698249999999994,,,
2016-12-08 16:45:00,37.6935,,,
2016-12-08 17:00:00,37.68875,,,
2016-12-08 17:15:00,37.684,,,
2016-12-08 17:30:00,37.467124999999996,,,
2016-12-08 17:45:00,37.250249999999994,,,
2016-12-08 18:00:00,37.033375,,,
2016-12-08 18:15:00,36.8165,,,
2016-12-08 18:30:00,36.0895,,,
2016-12-08 18:45:00,35.3625,,,
2016-12-08 19:00:00,34.63549999999999,,,
2016-12-08 19:15:00,33.9085,,,
2016-12-08 19:30:00,33.827687499999996,,,
2016-12-08 19:45:00,33.746874999999996,,,
2016-12-08 20:00:00,33.666062499999995,,,
2016-12-08 20:15:00,33.585249999999995,,,
2016-12-08 20:30:00,33.4769375,,,
2016-12-08 20:45:00,33.368625,,,
2016-12-08 21:00:00,33.260312500000005,,,
2016-12-08 21:15:00,33.15200000000001,,,
2016-12-08 21:30:00,29.772062500000004,,,
2016-12-08 21:45:00,26.392125000000004,,,
2016-12-08 22:00:00,23.012187500000003,,,
2016-12-08 22:15:00,19.63225,,,
2016-12-08 22:30:00,16.538999999999998,,,
2016-12-08 22:45:00,13.44575,,,
2016-12-08 23:00:00,10.3525,,,
2016-12-08 23:15:00,7.25925,,,
2016-12-08 23:30:00,7.1488125,,,
2016-12-08 23:45:00,7.038375,,,
2016-12-09 00:00:00,6.9279375000000005,,,
2016-12-09 00:15:00,6.817500000000001,,,
2016-12-09 00:30:00,5.7711250000000005,,,
2016-12-09 00:45:00,4.72475,,,
2016-12-09 01:00:00,3.678375,,,
2016-12-09 01:15:00,2.632,,,
2016-12-09 01:30:00,2.6016875,,,
2016-12-09 01:45:00,2.5713749999999997,,,
2016-12-09 02:00:00,2.5410625,,,
2016-12-09 02:15:00,2.51075,,,
2016-12-09 02:30:00,2.4891875,,,
2016-12-09 02:45:00,2.467625,,,
2016-12-09 03:00:00,2.4460625,,,
2016-12-09 03:15:00,2.4245,,,
2016-12-09 03:30:00,2.4619999999999997,,,
2016-12-09 03:45:00,2.4995,,,
2016-12-09 04:00:00,2.537,,,
2016-12-09 04:15:00,2.5744999999999996,,,
2016-12-09 04:30:00,2.5674374999999996,,,
2016-12-09 04:45:00,2.5603749999999996,,,
2016-12-09 05:00:00,2.5533125,,,
2016-12-09 05:15:00,2.54625,,,
2016-12-09 05:30:00,4.8056874999999994,,,
2016-12-09 05:45:00,7.065125,,,
2016-12-09 06:00:00,9.324562499999999,,,
2016-12-09 06:15:00,11.584,,,
2016-12-09 06:30:00,15.0933125,,,
2016-12-09 06:45:00,18.602625,,,
2016-12-09 07:00:00,22.1119375,,,
2016-12-09 07:15:00,25.62125,,,
2016-12-09 07:30:00,26.0455625,,,
2016-12-09 07:45:00,26.469875000000002,,,
2016-12-09 08:00:00,26.8941875,,,
2016-12-09 08:15:00,27.3185,,,
2016-12-09 08:30:00,29.2499375,,,
2016-12-09 08:45:00,31.181375000000003,,,
2016-12-09 09:00:00,33.112812500000004,,,
2016-12-09 09:15:00,35.044250000000005,,,
2016-12-09 09:30:00,35.5575625,,,
2016-12-09 09:45:00,36.070875,,,
2016-12-09 10:00:00,36.5841875,,,
2016-12-09 10:15:00,37.0975,,,
2016-12-09 10:30:00,37.8735625,,,
2016-12-09 10:45:00,38.649625,,,
2016-12-09 11:00:00,39.425687499999995,,,
2016-12-09 11:15:00,40.20175,,,
2016-12-09 11:30:00,39.502062499999994,,,
2016-12-09 11:45:00,38.802375,,,
2016-12-09 12:00:00,38.1026875,,,
2016-12-09 12:15:00,37.403,,,
2016-12-09 12:30:00,36.9355625,,,
2016-12-09 12:45:00,36.468125,,,
2016-12-09 13:00:00,36.0006875,,,
2016-12-09 13:15:00,35.53325,,,
2016-12-09 13:30:00,35.180625,,,
2016-12-09 13:45:00,34.828,,,
2016-12-09 14:00:00,34.475375,,,
2016-12-09 14:15:00,34.122749999999996,,,
2016-12-09 14:30:00,33.855999999999995,,,
2016-12-09 14:45:00,33.58924999999999,,,
2016-12-09 15:00:00,33.3225,,,
2016-12-09 15:15:00,33.055749999999996,,,
2016-12-09 15:30:00,32.9796875,,,
2016-12-09 15:45:00,32.903625,,,
2016-12-09 16:00:00,32.8275625,,,
2016-12-09 16:15:00,32.7515,,,
2016-12-09 16:30:00,32.683437500000004,,,
2016-12-09 16:45:00,32.615375,,,
2016-12-09 17:00:00,32.547312500000004,,,
2016-12-09 17:15:00,32.47925000000001,,,
2016-12-09 17:30:00,32.75956250000001,,,
2016-12-09 17:45:00,33.03987500000001,,,
2016-12-09 18:00:00,33.3201875,,,
2016-12-09 18:15:00,33.600500000000004,,,
2016-12-09 18:30:00,33.230250000000005,,,
2016-12-09 18:45:00,32.86,,,
2016-12-09 19:00:00,32.48975,,,
2016-12-09 19:15:00,32.1195,,,
2016-12-09 19:30:00,32.205125,,,
2016-12-09 19:45:00,32.29075,,,
2016-12-09 20:00:00,32.376374999999996,,,
2016-12-09 20:15:00,32.461999999999996,,,
2016-12-09 20:30:00,32.2464375,,,
2016-12-09 20:45:00,32.030874999999995,,,
2016-12-09 21:00:00,31.815312499999997,,,
2016-12-09 21:15:00,31.59975,,,
2016-12-09 21:30:00,28.4734375,,,
2016-12-09 21:45:00,25.347125,,,
2016-12-09 22:00:00,22.2208125,,,
2016-12-09 22:15:00,19.0945,,,
2016-12-09 22:30:00,16.174125,,,
2016-12-09 22:45:00,13.25375,,,
2016-12-09 23:00:00,10.333375,,,
2016-12-09 23:15:00,7.413,,,
2016-12-09 23:30:00,6.60625,,,
2016-12-09 23:45:00,5.7995,,,
2016-12-10 00:00:00,4.99275,,,
2016-12-10 00:15:00,4.186,,,
2016-12-10 00:30:00,4.906125,,,
2016-12-10 00:45:00,5.626250000000001,,,
2016-12-10 01:00:00,6.346375,,,
2016-12-10 01:15:00,7.0665000000000004,,,
2016-12-10 01:30:00,6.015625,,,
2016-12-10 01:45:00,4.96475,,,
2016-12-10 02:00:00,3.9138750000000004,,,
2016-12-10 02:15:00,2.863,,,
2016-12-10 02:30:00,2.8265000000000002,,,
2016-12-10 02:45:00,2.79,,,
2016-12-10 03:00:00,2.7535,,,
2016-12-10 03:15:00,2.717,,,
2016-12-10 03:30:00,2.708125,,,
2016-12-10 03:45:00,2.69925,,,
2016-12-10 04:00:00,2.690375,,,
2016-12-10 04:15:00,2.6814999999999998,,,
2016-12-10 04:30:00,2.655875,,,
2016-12-10 04:45:00,2.63025,,,
2016-12-10 05:00:00,2.604625,,,
2016-12-10 05:15:00,2.579,,,
2016-12-10 05:30:00,2.57825,,,
2016-12-10 05:45:00,2.5775,,,
2016-12-10 06:00:00,2.57675,,,
2016-12-10 06:15:00,2.576,,,
2016-12-10 06:30:00,2.5841875,,,
2016-12-10 06:45:00,2.5923749999999997,,,
2016-12-10 07:00:00,2.6005624999999997,,,
2016-12-10 07:15:00,2.6087499999999997,,,
2016-12-10 07:30:00,2.6479999999999997,,,
2016-12-10 07:45:00,2.6872499999999997,,,
2016-12-10 08:00:00,2.7265,,,
2016-12-10 08:15:00,2.76575,,,
2016-12-10 08:30:00,2.7709375,,,
2016-12-10 08:45:00,2.776125,,,
2016-12-10 09:00:00,2.7813125,,,
2016-12-10 09:15:00,2.7864999999999998,,,
2016-12-10 09:30:00,3.03125,,,
2016-12-10 09:45:00,3.276,,,
2016-12-10 10:00:00,3.5207499999999996,,,
2016-12-10 10:15:00,3.7655,,,
2016-12-10 10:30:00,3.894125,,,
2016-12-10 10:45:00,4.022749999999999,,,
2016-12-10 11:00:00,4.151375,,,
2016-12-10 11:15:00,4.279999999999999,,,
2016-12-10 11:30:00,4.388375,,,
2016-12-10 11:45:00,4.49675,,,
2016-12-10 12:00:00,4.605124999999999,,,
2016-12-10 12:15:00,4.7135,,,
2016-12-10 12:30:00,4.7635625,,,
2016-12-10 12:45:00,4.813625,,,
2016-12-10 13:00:00,4.8636875,,,
2016-12-10 13:15:00,4.91375,,,
2016-12-10 13:30:00,4.9365000000000006,,,
2016-12-10 13:45:00,4.95925,,,
2016-12-10 14:00:00,4.981999999999999,,,
2016-12-10 14:15:00,5.00475,,,
2016-12-10 14:30:00,4.966875,,,
2016-12-10 14:45:00,4.929,,,
2016-12-10 15:00:00,4.891125000000001,,,
2016-12-10 15:15:00,4.853250000000001,,,
2016-12-10 15:30:00,4.7322500000000005,,,
2016-12-10 15:45:00,4.61125,,,
2016-12-10 16:00:00,4.4902500000000005,,,
2016-12-10 16:15:00,4.36925,,,
2016-12-10 16:30:00,4.3234375,,,
2016-12-10 16:45:00,4.2776250000000005,,,
2016-12-10 17:00:00,4.2318125,,,
2016-12-10 17:15:00,4.186,,,
2016-12-10 17:30:00,4.1831875,,,
2016-12-10 17:45:00,4.180375,,,
2016-12-10 18:00:00,4.1775625000000005,,,
2016-12-10 18:15:00,4.17475,,,
2016-12-10 18:30:00,4.268625,,,
2016-12-10 18:45:00,4.3625,,,
2016-12-10 19:00:00,4.4563749999999995,,,
2016-12-10 19:15:00,4.550249999999999,,,
2016-12-10 19:30:00,4.413874999999999,,,
2016-12-10 19:45:00,4.2775,,,
2016-12-10 20:00:00,4.141125,,,
2016-12-10 20:15:00,4.00475,,,
2016-12-10 20:30:00,4.0438125,,,
2016-12-10 20:45:00,4.082875,,,
2016-12-10 21:00:00,4.1219375,,,
2016-12-10 21:15:00,4.161,,,
2016-12-10 21:30:00,4.15175,,,
2016-12-10 21:45:00,4.1425,,,
2016-12-10 22:00:00,4.133249999999999,,,
2016-12-10 22:15:00,4.124,,,
2016-12-10 22:30:00,4.0340625,,,
2016-12-10 22:45:00,3.944125,,,
2016-12-10 23:00:00,3.8541875,,,
2016-12-10 23:15:00,3.7642500000000005,,,
2016-12-10 23:30:00,3.9475625,,,
2016-12-10 23:45:00,4.130875,,,
2016-12-11 00:00:00,4.3141875,,,
2016-12-11 00:15:00,4.4975,,,
2016-12-11 00:30:00,4.3468124999999995,,,
2016-12-11 00:45:00,4.196125,,,
2016-12-11 01:00:00,4.0454375,,,
2016-12-11 01:15:00,3.89475,,,
2016-12-11 01:30:00,3.59925,,,
2016-12-11 01:45:00,3.30375,,,
2016-12-11 02:00:00,3.00825,,,
2016-12-11 02:15:00,2.7127499999999998,,,
2016-12-11 02:30:00,2.658125,,,
2016-12-11 02:45:00,2.6035,,,
2016-12-11 03:00:00,2.548875,,,
2016-12-11 03:15:00,2.49425,,,
2016-12-11 03:30:00,2.5339375,,,
2016-12-11 03:45:00,2.573625,,,
2016-12-11 04:00:00,2.6133125,,,
2016-12-11 04:15:00,2.653,,,
2016-12-11 04:30:00,2.5772500000000003,,,
2016-12-11 04:45:00,2.5015,,,
2016-12-11 05:00:00,2.42575,,,
2016-12-11 05:15:00,2.35,,,
2016-12-11 05:30:00,2.346375,,,
2016-12-11 05:45:00,2.34275,,,
2016-12-11 06:00:00,2.339125,,,
2016-12-11 06:15:00,2.3355,,,
2016-12-11 06:30:00,2.3550625000000003,,,
2016-12-11 06:45:00,2.374625,,,
2016-12-11 07:00:00,2.3941875,,,
2016-12-11 07:15:00,2.4137500000000003,,,
2016-12-11 07:30:00,2.4141250000000003,,,
2016-12-11 07:45:00,2.4145000000000003,,,
2016-12-11 08:00:00,2.414875,,,
2016-12-11 08:15:00,2.41525,,,
2016-12-11 08:30:00,2.394625,,,
2016-12-11 08:45:00,2.3739999999999997,,,
2016-12-11 09:00:00,2.3533749999999998,,,
2016-12-11 09:15:00,2.33275,,,
2016-12-11 09:30:00,2.4744374999999996,,,
2016-12-11 09:45:00,2.616125,,,
2016-12-11 10:00:00,2.7578125,,,
2016-12-11 10:15:00,2.8994999999999997,,,
2016-12-11 10:30:00,2.9521875,,,
2016-12-11 10:45:00,3.004875,,,
2016-12-11 11:00:00,3.0575625,,,
2016-12-11 11:15:00,3.11025,,,
2016-12-11 11:30:00,3.1520625000000004,,,
2016-12-11 11:45:00,3.1938750000000002,,,
2016-12-11 12:00:00,3.2356875,,,
2016-12-11 12:15:00,3.2775000000000003,,,
2016-12-11 12:30:00,3.3243125000000004,,,
2016-12-11 12:45:00,3.371125,,,
2016-12-11 13:00:00,3.4179375,,,
2016-12-11 13:15:00,3.46475,,,
2016-12-11 13:30:00,3.4940625,,,
2016-12-11 13:45:00,3.5233749999999997,,,
2016-12-11 14:00:00,3.5526874999999998,,,
2016-12-11 14:15:00,3.582,,,
2016-12-11 14:30:00,3.5775625,,,
2016-12-11 14:45:00,3.573125,,,
2016-12-11 15:00:00,3.5686875,,,
2016-12-11 15:15:00,3.56425,,,
2016-12-11 15:30:00,3.548875,,,
2016-12-11 15:45:00,3.5335,,,
2016-12-11 16:00:00,3.518125,,,
2016-12-11 16:15:00,3.50275,,,
2016-12-11 16:30:00,3.4625,,,
2016-12-11 16:45:00,3.42225,,,
2016-12-11 17:00:00,3.382,,,
2016-12-11 17:15:00,3.34175,,,
2016-12-11 17:30:00,3.3208125,,,
2016-12-11 17:45:00,3.299875,,,
2016-12-11 18:00:00,3.2789375000000005,,,
2016-12-11 18:15:00,3.2580000000000005,,,
2016-12-11 18:30:00,3.275875,,,
2016-12-11 18:45:00,3.29375,,,
2016-12-11 19:00:00,3.3116250000000003,,,
2016-12-11 19:15:00,3.3295,,,
2016-12-11 19:30:00,3.303375,,,
2016-12-11 19:45:00,3.27725,,,
2016-12-11 20:00:00,3.251125,,,
2016-12-11 20:15:00,3.225,,,
2016-12-11 20:30:00,3.2538125,,,
2016-12-11 20:45:00,3.2826250000000003,,,
2016-12-11 21:00:00,3.3114375000000003,,,
2016-12-11 21:15:00,3.34025,,,
2016-12-11 21:30:00,3.3306875,,,
2016-12-11 21:45:00,3.321125,,,
2016-12-11 22:00:00,3.3115625,,,
2016-12-11 22:15:00,3.3019999999999996,,,
2016-12-11 22:30:00,3.2680624999999996,,,
2016-12-11 22:45:00,3.2341249999999997,,,
2016-12-11 23:00:00,3.2001874999999997,,,
2016-12-11 23:15:00,3.16625,,,
2016-12-11 23:30:00,3.3018124999999996,,,
2016-12-11 23:45:00,3.437375,,,
2016-12-12 00:00:00,3.5729375,,,
